a,w,x1_start,x2_start,x1_opt,x2_opt,f1_opt,f2_opt,f_opt,f_calls
1,0,-9.33060104,-3.400715847,-2.999999893,-2.999999793,71.99999623,5.433704077e-14,5.433704077e-14,191
1,0.01,3.812714086,-1.550266357,-2.940000113,-2.940000408,70.56720618,0.007199937531,0.7128,191
1,0.02,-5.874697229,-4.997430982,-2.880000113,-2.879999518,69.14879566,0.02880008854,1.4112,191
1,0.03,2.731170483,7.272447616,-2.819998667,-2.819997618,67.74475676,0.06480133724,2.0952,305
1,0.04,-3.966887376,-9.501521298,-2.76000064,-2.760000974,66.35521859,0.1151992255,2.7648,191
1,0.05,-2.700145819,5.307619644,-2.699999841,-2.699998535,64.97998149,0.1800009745,3.42,191
1,0.06,-3.642794738,-7.285432144,-2.63999991,-2.640000904,63.61920918,0.2591994141,4.0608,191
1,0.07,-7.86509484,5.213431444,-2.579999751,-2.580001577,62.27281481,0.3527988851,4.6872,191
1,0.08,-8.366554341,1.01912417,-2.519999776,-2.52000037,60.94080161,0.4607998596,5.2992,191
1,0.09,1.293037781,4.865410139,-2.459999907,-2.459998653,59.62318428,0.5832015545,5.8968,191
1,0.1,9.635202996,-5.623004136,-2.40000116,-2.399999606,58.32000827,0.7199990806,6.48,305
1,0.11,-0.9120815857,0.3730804615,-2.340000278,-2.34000025,57.03120564,0.8711993032,7.0488,191
1,0.12,1.476834561,1.104620803,-2.280000086,-2.2800009,55.75681041,1.036798581,7.6032,191
1,0.13,4.570925103,2.577478817,-2.219999968,-2.220000971,54.49680981,1.216798534,8.1432,191
1,0.14,5.922562608,1.674316382,-2.159999845,-2.159999351,53.2511917,1.411201351,8.6688,191
1,0.15,-4.504671234,6.591961568,-2.10000019,-2.100001553,52.02001778,1.619996862,9.18,191
1,0.16,8.273600535,9.308042852,-2.039998094,-2.039998047,50.8031611,1.843207409,9.6768,305
1,0.17,-4.958304798,-7.601096703,-1.979999864,-1.980000994,49.60080855,2.08079825,10.1592,191
1,0.18,-5.689388139,7.772865686,-1.919999699,-1.920001768,48.41281444,2.332796831,10.6272,191
1,0.19,9.671350922,0.343724494,-1.859999987,-1.859999952,47.23919941,2.599200139,11.0808,305
1,0.2,8.271344396,-3.028794906,-1.800000007,-1.800000028,46.08000033,2.879999918,11.52,305
1,0.21,-4.348655871,-5.371450351,-1.740000708,-1.740000389,44.9352104,3.175197235,11.9448,191
1,0.22,-0.3142270494,-2.213750711,-1.680000193,-1.6800001,43.80480274,3.484799227,12.3552,191
1,0.23,9.841981102,1.319218609,-1.619998182,-1.619999476,42.68877836,3.808806463,12.7512,305
1,0.24,8.805373469,1.135018874,-1.559999944,-1.559999976,41.58719927,4.14720023,13.1328,305
1,0.25,-3.815371261,8.440576456,-1.499999818,-1.499998122,40.49998146,4.500006179,13.5,191
1,0.26,5.512014746,5.272547153,-1.44000005,-1.43999901,39.42719165,4.867202933,13.8528,191
1,0.27,-1.186343092,-3.011150701,-1.379999834,-1.380000266,38.36880087,5.248799676,14.1912,191
1,0.28,-3.622832044,-6.615417999,-1.319999909,-1.32000084,37.32480647,5.644797484,14.5152,191
1,0.29,9.566328116,-7.700269445,-1.260000434,-1.259999704,36.29520118,6.055199518,14.8248,305
1,0.3,5.058898383,-4.938343118,-1.199999836,-1.200000613,35.28000377,6.479998383,15.12,191
1,0.31,8.891692124,3.332498918,-1.139999225,-1.139999697,34.27919108,6.91920401,15.4008,305
1,0.32,-5.630300276,-6.066612683,-1.079999945,-1.080000918,33.29280704,7.372796686,15.6672,191
1,0.33,5.731402214,-1.319688406,-1.019999995,-1.020000178,32.32080139,7.840799315,15.9192,191
1,0.34,-8.293747007,5.402753127,-0.9599998381,-0.9600013267,31.36320923,8.323195248,16.1568,191
1,0.35,9.024036089,9.977597389,-0.9000025454,-0.9000025523,30.42003976,8.819978589,16.38,305
1,0.36,-7.626041788,-5.324619792,-0.8399999176,-0.8400009501,29.49120666,9.331196252,16.5888,191
1,0.37,-5.393852962,2.059731163,-0.7799998435,-0.7800006882,28.57680402,9.856797639,16.7832,191
1,0.38,2.461629497,-5.55187187,-0.7199999366,-0.7199990675,27.67679259,10.39680454,16.9632,191
1,0.39,-6.621050228,1.267002957,-0.6600001675,-0.6599996263,26.79119849,10.95120097,17.1288,191
1,0.4,5.583147004,-0.4364214886,-0.5999999774,-0.5999999197,25.91999926,11.52000049,17.28,191
1,0.41,-0.292420597,1.095161741,-0.5400001063,-0.5399996795,25.06319848,12.10320105,17.4168,191
1,0.42,-5.163874335,8.521236311,-0.4800000184,-0.48000183,24.22081287,12.70079068,17.5392,191
1,0.43,8.08401104,1.213293621,-0.420000144,-0.4200005569,23.39280479,13.31279638,17.6472,191
1,0.44,-8.094181697,7.650339155,-0.3600002777,-0.3599985198,22.57919192,13.93920635,17.7408,191
1,0.45,3.513024176,6.964716696,-0.299999934,-0.299998584,21.77999022,14.580008,17.82,191
1,0.46,-7.288003972,2.404716291,-0.2400001236,-0.23999954,20.99519782,15.23520186,17.8848,191
1,0.47,0.2972156044,-2.918304248,-0.1800002535,-0.1799995344,20.22479865,15.9048012,17.9352,191
1,0.48,6.338103607,-3.97138219,-0.1200000298,-0.1200010017,19.46880644,16.58879406,17.9712,191
1,0.49,5.762007346,8.0443566,-0.05999996221,-0.06000151854,18.72720906,17.28719129,17.9928,191
1,0.5,-8.568629063,4.786043425,2.500867282e-07,-6.913783708e-07,18.00000265,17.99999735,18,191
1,0.51,8.02195399,-6.194670851,0.05999972905,0.06000143115,17.28719318,18.7272071,17.9928,191
1,0.52,9.461423633,-7.371898981,0.1199999504,0.1199984993,16.58880893,19.46879033,17.9712,191
1,0.53,5.865060322,1.92305313,0.1800002388,0.1800002674,15.90479715,20.22480322,17.9352,191
1,0.54,-2.923770851,9.244010094,0.2400000371,0.2400018138,15.23518978,20.99521199,17.8848,191
1,0.55,-6.809943922,-7.340623856,0.2999999596,0.2999983479,14.58000914,21.77998883,17.82,191
1,0.56,-1.192411404,2.89763549,0.3600002812,0.3599996791,13.93920021,22.57919973,17.7408,191
1,0.57,3.754537894,3.643714261,0.4199997856,0.4199991665,13.31280541,23.39279283,17.6472,191
1,0.58,1.418871792,1.838548925,0.480000068,0.480000275,12.70079827,24.22080239,17.5392,191
1,0.59,-5.142992127,3.324690104,0.5399998323,0.5400004816,12.10319846,25.06320222,17.4168,191
1,0.6,-0.5111119293,8.370032049,0.5999995879,0.6000013292,11.5199956,25.9200066,17.28,191
1,0.61,0.2894067905,2.200884098,0.6599999664,0.660000289,10.9511988,26.79120187,17.1288,191
1,0.62,0.7747483304,-9.413377614,0.7192698549,0.7199981799,10.40013829,27.67135471,16.96320053,191
1,0.63,9.282579859,-2.887148071,0.7800002516,0.7799994262,9.856801431,28.57679756,16.7832,191
1,0.64,-3.384759805,5.044587196,0.8400001541,0.8400009671,9.331195156,29.49120861,16.5888,191
1,0.65,-4.842791471,-1.953388868,0.9000000572,0.9000007831,8.819996471,30.42000655,16.38,191
1,0.66,-0.1693693782,-6.820837491,0.9600001786,0.9599985081,8.323205358,31.3631896,16.1568,191
1,0.67,1.851940291,-0.7079457541,1.01999988,1.019999741,7.840801503,32.32079695,15.9192,191
1,0.68,-4.192736472,-2.282999396,1.079999888,1.079999193,7.372803527,33.29279251,15.6672,191
1,0.69,-8.784892633,2.883492677,1.140000175,1.1399999,6.919199722,34.27920062,15.4008,191
1,0.7,-3.038989312,-5.594836546,1.199999897,1.199998471,6.480005877,35.27998629,15.12,191
1,0.71,5.542868821,5.768599285,1.259999834,1.25999919,6.055203398,36.29519168,14.8248,191
1,0.72,7.302798944,-0.7025932943,1.320000139,1.319999858,5.644800012,37.32479997,14.5152,191
1,0.73,-0.5876864542,-1.278329273,1.380000296,1.380000388,5.248797784,38.36880599,14.1912,191
1,0.74,-8.86404437,4.269321418,1.439999178,1.440000282,4.867201685,39.4271952,13.8528,305
1,0.75,-7.953639179,0.6248437011,1.500000016,1.499999984,4.499999998,40.5,13.5,191
1,0.76,2.639353467,2.335767612,1.560000054,1.560000054,4.147199686,41.58720099,13.1328,191
1,0.77,-7.174272201,-6.585898211,1.619999869,1.61999842,3.808804721,42.6887842,12.7512,191
1,0.78,2.922389998,-7.891692351,1.680000351,1.679998332,3.484803475,43.80478768,12.3552,191
1,0.79,0.5269537263,9.537630202,1.739999743,1.74000137,3.175197195,44.93521055,11.9448,191
1,0.8,7.152894846,5.684162255,1.799999717,1.799999239,2.880002505,46.07998998,11.52,191
1,0.81,-2.415758675,-3.016474542,1.859999908,1.860000955,2.599198032,47.23920839,11.0808,191
1,0.82,8.863324765,9.436181616,1.920000137,1.920001517,2.332796427,48.41281628,10.6272,191
1,0.83,6.275579713,-5.329411717,1.979999792,1.980001068,2.080798246,49.60080856,10.1592,191
1,0.84,-2.84681779,7.49068708,2.040000307,2.039998772,1.843201767,50.80319072,9.6768,191
1,0.85,7.55408096,4.114192898,2.100000265,2.100000269,1.619999038,52.02000545,9.18,191
1,0.86,-8.104149475,3.096949772,2.159998925,2.160000087,1.41120166,53.2511898,8.6688,305
1,0.87,-0.1172078169,9.198649469,2.219999938,2.219998577,1.216802316,54.4967845,8.1432,191
1,0.88,-7.605643523,9.295105729,2.280000245,2.279998775,1.036801411,55.75678966,7.6032,191
1,0.89,-2.079679804,-6.469687892,2.340000026,2.339998541,0.8712018905,57.0311847,7.0488,191
1,0.9,3.564427138,-0.03331898248,2.399999877,2.400000364,0.7199997108,58.3200026,6.48,191
1,0.91,4.155155809,-3.796219404,2.460000168,2.460000905,0.5831988413,59.62321172,5.8968,191
1,0.92,-7.69755137,6.980883608,2.520001955,2.519999124,0.4607989645,60.94081191,5.2992,305
1,0.93,-0.3821176059,5.224838627,2.57999999,2.580000442,0.3527996365,62.27280483,4.6872,191
1,0.94,9.089191258,-9.855163889,2.640001101,2.639998296,0.2592004345,63.61919319,4.0608,305
1,0.95,4.76246882,6.242086103,2.700000045,2.700000464,0.179999694,64.98000581,3.42,191
1,0.96,5.828998366,-7.653289855,2.75999963,2.760001202,0.1151996004,66.35520959,2.7648,419
1,0.97,-6.774388448,4.692323122,2.819999865,2.82000064,0.06479981849,67.74480587,2.0952,191
1,0.98,-8.217108249,9.501191266,2.8800003,2.879999801,0.02879997563,69.14880119,1.4112,305
1,0.99,9.362911405,-1.06392603,2.939999915,2.939999539,0.007200065498,70.56719352,0.7128,191
1,1,6.991878346,6.916992356,3.000000175,3.000001006,1.041908444e-12,72.00001417,1.041908444e-12,191
10,0,-9.33060104,-3.400715847,-2.999999893,-2.999999793,719.9999623,5.433704077e-15,5.433704077e-15,191
10,0.01,3.812714086,-1.550266357,0.01507527046,0.01507571552,178.1954863,1.818136046,3.581909548,191
10,0.02,-5.874697229,-4.997430982,1.026845455,1.026846649,77.86673004,3.243097826,4.73557047,191
10,0.03,2.731170483,7.272447616,1.534004993,1.534005948,42.98279921,4.111441121,5.277581864,191
10,0.04,-3.966887376,-9.501521298,1.838708526,1.838707696,26.97197701,4.682619237,5.574193548,305
10,0.05,-2.700145819,5.307619644,2.042016766,2.042017646,18.35462068,5.084387501,5.74789916,191
10,0.06,-3.642794738,-7.285432144,2.18731994,2.187317977,13.20900951,5.381655595,5.85129683,191
10,0.07,-7.86509484,5.213431444,2.296342334,2.296343183,9.902670267,5.610249323,5.910718789,305
10,0.08,-8.366554341,1.01912417,2.381167657,2.381166147,7.659088068,5.791391445,5.940807175,305
10,0.09,1.293037781,4.865410139,2.449041452,2.449041137,6.071109902,5.938410206,5.950353179,191
10,0.1,9.635202996,-5.623004136,2.50458743,2.504585515,4.908691262,6.060094447,5.944954128,191
10,0.11,-0.9120815857,0.3730804615,2.550883039,2.550882802,4.034123023,6.162460239,5.928343146,191
10,0.12,1.476834561,1.104620803,2.590062089,2.590062473,3.36097867,6.249759261,5.90310559,191
10,0.13,4.570925103,2.577478817,2.623648165,2.62364813,2.832814337,6.325083698,5.871088681,191
10,0.14,5.922562608,1.674316382,2.65275908,2.652758833,2.411526844,6.390736764,5.833647376,191
10,0.15,-4.504671234,6.591961568,2.678233445,2.678232453,2.070680703,6.448465884,5.791798107,191
10,0.16,8.273600535,9.308042852,2.700712594,2.700711603,1.791464963,6.499623685,5.74631829,191
10,0.17,-4.958304798,-7.601096703,2.720694884,2.72069473,1.560227813,6.545269816,5.697812675,305
10,0.18,-5.689388139,7.772865686,2.738576116,2.738575016,1.366854694,6.586249905,5.646758767,191
10,0.19,9.671350922,0.343724494,2.75466959,2.754668927,1.203743454,6.623243655,5.593538617,191
10,0.2,8.271344396,-3.028794906,2.769230652,2.769231564,1.065085629,6.656805516,5.538461538,191
10,0.21,-4.348655871,-5.371450351,2.782468813,2.782467344,0.9464027365,6.687387416,5.481780633,191
10,0.22,-0.3142270494,-2.213750711,2.794556927,2.794557619,0.8441342804,6.715378798,5.423705004,191
10,0.23,9.841981102,1.319218609,2.805637472,2.805637314,0.7555364591,6.741085108,5.364408919,191
10,0.24,8.805373469,1.135018874,2.815832061,2.815831907,0.6783571607,6.764780334,5.304038772,191
10,0.25,-3.815371261,8.440576456,2.825242907,2.825241467,0.6108058653,6.786689307,5.242718447,191
10,0.26,5.512014746,5.272547153,2.833956573,2.833957014,0.551406928,6.807010374,5.180553478,191
10,0.27,-1.186343092,-3.011150701,2.842048396,2.842047365,0.4989774406,6.825904688,5.117634331,191
10,0.28,-3.622832044,-6.615417999,2.849581995,2.849580465,0.4525161293,6.843520113,5.054038997,191
10,0.29,9.566328116,-7.700269445,2.856614372,2.856613285,0.4111918862,6.859985106,4.989835072,305
10,0.3,5.058898383,-4.938343118,2.863192374,2.863190769,0.3743309203,6.875403082,4.925081433,191
10,0.31,8.891692124,3.332498918,2.869359707,2.869359688,0.3413377706,6.889876653,4.859829599,191
10,0.32,-5.630300276,-6.066612683,2.875152863,2.875151291,0.3117400761,6.903482386,4.794124847,191
10,0.33,5.731402214,-1.319688406,2.880605816,2.880605034,0.2851012902,6.916304033,4.728007128,191
10,0.34,-8.293747007,5.402753127,2.885747211,2.885747269,0.2610738637,6.928404114,4.661511829,305
10,0.35,9.024036089,9.977597389,2.890602916,2.890601624,0.2393572652,6.939839021,4.594670407,191
10,0.36,-7.626041788,-5.324619792,2.895195569,2.895195748,0.2196789992,6.950666371,4.527510917,305
10,0.37,-5.393852962,2.059731163,2.899548184,2.899547938,0.2018118418,6.960933464,4.460058464,191
10,0.38,2.461629497,-5.55187187,2.903677016,2.903675347,0.185565561,6.970678491,4.392335577,191
10,0.39,-6.621050228,1.267002957,2.907598926,2.907598726,0.1707595389,6.979944778,4.324362535,191
10,0.4,5.583147004,-0.4364214886,2.911330156,2.911329615,0.1572477832,6.988764204,4.256157635,191
10,0.41,-0.292420597,1.095161741,2.914883538,2.914883595,0.1448961451,6.997169521,4.187737437,191
10,0.42,-5.163874335,8.521236311,2.918271642,2.918270201,0.1335928455,7.00518614,4.119116956,191
10,0.43,8.08401104,1.213293621,2.921505528,2.921506085,0.1232267683,7.012846203,4.050309846,191
10,0.44,-8.094181697,7.650339155,2.924597642,2.924595259,0.1137139059,7.02016862,3.981328546,305
10,0.45,3.513024176,6.964716696,2.927551994,2.927551466,0.1049750365,7.027173902,3.912184413,191
10,0.46,-7.288003972,2.404716291,2.930381538,2.930382429,0.09693336422,7.033886094,3.842887838,305
10,0.47,0.2972156044,-2.918304248,2.93309469,2.933093841,0.08952754644,7.040321512,3.773448348,191
10,0.48,6.338103607,-3.97138219,2.935696854,2.935695283,0.08269991174,7.046497564,3.703874691,191
10,0.49,5.762007346,8.0443566,2.93819413,2.938193543,0.07640003573,7.052429209,3.634174914,191
10,0.5,-8.568629063,4.786043425,2.940595789,2.940593696,0.07057969143,7.05813318,3.564356436,305
10,0.51,8.02195399,-6.194670851,2.94290136,2.942903204,0.06520298853,7.063617506,3.494426102,191
10,0.52,9.461423633,-7.371898981,2.945121819,2.945122158,0.06023192338,7.068895091,3.424390244,305
10,0.53,5.865060322,1.92305313,2.94726011,2.947260138,0.05562989004,7.073980597,3.354254722,191
10,0.54,-2.923770851,9.244010094,2.949320481,2.949321887,0.05136684768,7.07888451,3.284024972,191
10,0.55,-6.809943922,-7.340623856,2.951307498,2.951307495,0.04741919784,7.083612184,3.213706041,305
10,0.56,-1.192411404,2.89763549,2.953224818,2.953224761,0.04375840595,7.088177079,3.143302622,191
10,0.57,3.754537894,3.643714261,2.955075778,2.955075758,0.04036373231,7.092585481,3.072819084,191
10,0.58,1.418871792,1.838548925,2.956864262,2.956864314,0.03721379323,7.096846429,3.0022595,191
10,0.59,-5.142992127,3.324690104,2.95859253,2.958592809,0.03429133968,7.100965321,2.931627672,191
10,0.6,-0.5111119293,8.370032049,2.960264937,2.960265787,0.03157682923,7.104952637,2.860927152,191
10,0.61,0.2894067905,2.200884098,2.961883254,2.961882977,0.02905793753,7.108810057,2.790161264,191
10,0.62,0.7747483304,-9.413377614,2.963457563,2.963485361,0.02668668566,7.112598376,2.719333128,419
10,0.63,9.282579859,-2.887148071,2.964967715,2.96496629,0.02454621851,7.116166268,2.648445637,191
10,0.64,-3.384759805,5.044587196,2.966438976,2.966438221,0.0225273534,7.11967791,2.577501554,191
10,0.65,-4.842791471,-1.953388868,2.967865301,2.967864458,0.02065331966,7.123082244,2.506503443,191
10,0.66,-0.1693693782,-6.820837491,2.969249214,2.969247544,0.01891324399,7.126385242,2.435453723,191
10,0.67,1.851940291,-0.7079457541,2.970592202,2.970592085,0.01729644071,7.129594108,2.364354671,191
10,0.68,-4.192736472,-2.282999396,2.971897062,2.971895997,0.01579610091,7.132709632,2.293208431,191
10,0.69,-8.784892633,2.883492677,2.973164898,2.973164047,0.01440291088,7.135738763,2.222017025,305
10,0.7,-3.038989312,-5.594836546,2.97439517,2.974393744,0.01311287714,7.138677824,2.150782361,191
10,0.71,5.542868821,5.768599285,2.975592416,2.975592001,0.0119148056,7.141540449,2.079506242,191
10,0.72,7.302798944,-0.7025932943,2.97675727,2.97675639,0.01080489936,7.14432444,2.008190371,191
10,0.73,-0.5876864542,-1.278329273,2.977889867,2.977888991,0.009777547082,7.147032405,1.936836359,191
10,0.74,-8.86404437,4.269321418,2.97899346,2.978992625,0.008825845477,7.14967156,1.865445731,305
10,0.75,-7.953639179,0.6248437011,2.9800674,2.980066645,0.007946471855,7.152240319,1.794019934,305
10,0.76,2.639353467,2.335767612,2.981112272,2.981112272,0.007134925684,7.154740801,1.722560336,191
10,0.77,-7.174272201,-6.585898211,2.982133699,2.982133603,0.006384128409,7.157184604,1.651068238,305
10,0.78,2.922389998,-7.891692351,2.988437528,2.983091595,0.004195849141,7.165876906,1.579765682,191
10,0.79,0.5269537263,9.537630202,2.984091984,2.984093951,0.005060673755,7.161873728,1.507991415,191
10,0.8,7.152894846,5.684162255,2.985037486,2.985038206,0.004477321208,7.164135603,1.436408978,191
10,0.81,-2.415758675,-3.016474542,2.985958856,2.985957965,0.003943324463,7.16633962,1.364798621,191
10,0.82,8.863324765,9.436181616,2.986858396,2.986859406,0.00345376961,7.1684959,1.293161353,191
10,0.83,6.275579713,-5.329411717,2.987736091,2.987734371,0.003008491338,7.170594639,1.221498136,191
10,0.84,-2.84681779,7.49068708,2.988593287,2.988592351,0.002602475498,7.172648791,1.149809886,191
10,0.85,7.55408096,4.114192898,2.989430365,2.989430228,0.002234372559,7.174655056,1.078097475,191
10,0.86,-8.104149475,3.096949772,2.990248831,2.990248427,0.001901784769,7.176615727,1.006361737,305
10,0.87,-0.1172078169,9.198649469,2.991048079,2.991046948,0.001602940287,7.178530062,0.9346034661,191
10,0.88,-7.605643523,9.295105729,2.991831254,2.99182811,0.001335082035,7.180404587,0.8628234227,305
10,0.89,-2.079679804,-6.469687892,2.992593269,2.992591643,0.00109743413,7.182232869,0.791022332,191
10,0.9,3.564427138,-0.03331898248,2.993340593,2.993341081,0.0008868890689,7.184026877,0.7192008879,191
10,0.91,4.155155809,-3.796219404,2.994072135,2.994070755,0.0007029552951,7.185778498,0.6473597541,191
10,0.92,-7.69755137,6.980883608,2.994786544,2.994787346,0.0005435188432,7.187494103,0.5754995656,305
10,0.93,-0.3821176059,5.224838627,2.995487261,2.995486972,0.0004073223686,7.189173153,0.5036209305,191
10,0.94,9.089191258,-9.855163889,2.996171674,2.996174314,0.0002929195667,7.190818114,0.4317244312,305
10,0.95,4.76246882,6.242086103,2.996843855,2.996843304,0.0001992598168,7.192426583,0.359810626,191
10,0.96,5.828998366,-7.653289855,2.997499744,2.997505631,0.0001247315676,7.194007697,0.2878800502,419
10,0.97,-6.774388448,4.692323122,2.998144666,2.998145441,6.881650933e-05,7.195548817,0.2159332165,191
10,0.98,-8.217108249,9.501191266,2.998775135,2.99877625,2.997858735e-05,7.197061962,0.1439706182,305
10,0.99,9.362911405,-1.06392603,2.999393758,2.99939495,7.336154276e-06,7.198546522,0.07199272802,191
10,1,6.991878346,6.916992356,3.000000175,3.000001006,1.041908444e-11,7.200001417,1.041908444e-11,191
100,0,-9.33060104,-3.400715847,-2.999999893,-2.999999793,7199.999623,5.433704077e-16,5.433704077e-16,191
100,0.01,3.812714086,-1.550266357,2.941182902,2.94118159,0.691905644,0.7059529295,0.7058124567,191
100,0.02,-5.874697229,-4.997430982,2.970743294,2.970744858,0.1711818136,0.7129956965,0.7021594189,191
100,0.03,2.731170483,7.272447616,2.980662451,2.980663149,0.07478545885,0.7153665506,0.6961491179,191
100,0.04,-3.966887376,-9.501521298,2.985634776,2.985635,0.04127128834,0.7165565003,0.6895450918,305
100,0.05,-2.700145819,5.307619644,2.988621717,2.988621258,0.02589410921,0.7172717464,0.6827028646,191
100,0.06,-3.642794738,-7.285432144,2.990616588,2.990617537,0.01760790332,0.7177498558,0.6757413386,305
100,0.07,-7.86509484,5.213431444,2.992039766,2.992039033,0.01267423241,0.7180907233,0.6687115689,305
100,0.08,-8.366554341,1.01912417,2.993109305,2.993108176,0.009497890593,0.7183470476,0.661639115,305
100,0.09,1.293037781,4.865410139,2.993939515,2.993939942,0.007345378355,0.7185462694,0.6545381892,191
100,0.1,9.635202996,-5.623004136,2.994604653,2.994606474,0.005819988366,0.7187059173,0.6474173244,191
100,0.11,-0.9120815857,0.3730804615,2.995149592,2.995150096,0.004704802494,0.7188364331,0.6402819537,191
100,0.12,1.476834561,1.104620803,2.995603348,2.995602762,0.003866625453,0.7189451198,0.6331357005,191
100,0.13,4.570925103,2.577478817,2.995987384,2.995987208,0.003220358771,0.7190372731,0.6259810742,191
100,0.14,5.922562608,1.674316382,2.996316707,2.99631646,0.002713511143,0.7191162514,0.6188198678,191
100,0.15,-4.504671234,6.591961568,2.996601822,2.996602627,0.002308975861,0.7191847647,0.6116533964,191
100,0.16,8.273600535,9.308042852,2.996851621,2.996850259,0.001983316001,0.7192444239,0.6044826466,191
100,0.17,-4.958304798,-7.601096703,2.99707219,2.997072247,0.001714380911,0.7192975039,0.597308373,305
100,0.18,-5.689388139,7.772865686,2.997267649,2.997268715,0.001492565959,0.7193445129,0.5901311625,191
100,0.19,9.671350922,0.343724494,2.997443271,2.997443577,0.001307216092,0.7193865525,0.5829514786,191
100,0.2,8.271344396,-3.028794906,2.997601148,2.997599892,0.001151500582,0.71942424,0.5757696921,191
100,0.21,-4.348655871,-5.371450351,2.997743778,2.997745075,0.001017522398,0.7194587641,0.5685861034,191
100,0.22,-0.3142270494,-2.213750711,2.997873586,2.997874277,0.0009040334379,0.719489834,0.5614009579,191
100,0.23,9.841981102,1.319218609,2.997991821,2.997992033,0.0008064715392,0.7195181431,0.5542144586,191
100,0.24,8.805373469,1.135018874,2.998100422,2.998101237,0.0007213698484,0.7195442712,0.5470267749,191
100,0.25,-3.815371261,8.440576456,2.998200605,2.998199764,0.0006478671279,0.7195681091,0.5398380486,191
100,0.26,5.512014746,5.272547153,2.998292708,2.998293148,0.0005828188854,0.719590361,0.5326484001,191
100,0.27,-1.186343092,-3.011150701,2.998378015,2.998379151,0.0005257985555,0.7196109125,0.5254579318,191
100,0.28,-3.622832044,-6.615417999,2.998457586,2.998455685,0.0004763949166,0.7196296402,0.5182667315,191
100,0.29,9.566328116,-7.700269445,2.998529746,2.998533883,0.0004311143207,0.7196476787,0.511074875,305
100,0.3,5.058898383,-4.938343118,2.998600526,2.998598921,0.0003921552009,0.7196639728,0.5038824275,191
100,0.31,8.891692124,3.332498918,2.998664713,2.998664922,0.0003565425283,0.7196795918,0.4966894465,191
100,0.32,-5.630300276,-6.066612683,2.998725291,2.998726856,0.0003245779012,0.7196942901,0.4894959822,191
100,0.33,5.731402214,-1.319688406,2.998782189,2.998782976,0.000296421312,0.7197078493,0.4823020781,191
100,0.34,-8.293747007,5.402753127,2.998835609,2.998835514,0.0002711833933,0.7197205619,0.4751077732,305
100,0.35,9.024036089,9.977597389,2.998885828,2.998884536,0.0002485638236,0.7197324686,0.4679131019,191
100,0.36,-7.626041788,-5.324619792,2.998932866,2.998932976,0.0002277315133,0.7197439238,0.4607180946,305
100,0.37,-5.393852962,2.059731163,2.99897834,2.998978465,0.0002087322866,0.7197548375,0.4535227786,191
100,0.38,2.461629497,-5.55187187,2.999021137,2.999022806,0.0001913080988,0.7197652923,0.4463271783,191
100,0.39,-6.621050228,1.267002957,2.99906183,2.999062001,0.0001760004948,0.7197748773,0.4391313154,191
100,0.4,5.583147004,-0.4364214886,2.999099865,2.999100892,0.000161863942,0.7197841069,0.4319352097,191
100,0.41,-0.292420597,1.095161741,2.999136752,2.999136439,0.000149093453,0.7197927978,0.424738879,191
100,0.42,-5.163874335,8.521236311,2.999171319,2.999172644,0.0001371229046,0.7198012894,0.4175423394,191
100,0.43,8.08401104,1.213293621,2.999204703,2.999204889,0.0001264697591,0.7198091638,0.4103456054,191
100,0.44,-8.094181697,7.650339155,2.999238025,2.999235799,0.0001164609551,0.7198168705,0.4031486903,305
100,0.45,3.513024176,6.964716696,2.999266857,2.999267238,0.0001074438435,0.7198241022,0.3959516059,191
100,0.46,-7.288003972,2.404716291,2.999295043,2.999295693,9.930132186e-05,0.7198308982,0.3887543636,305
100,0.47,0.2972156044,-2.918304248,2.999323406,2.999322557,9.167080191e-05,0.7198375248,0.3815569734,191
100,0.48,6.338103607,-3.97138219,2.999349897,2.999351092,8.437151491e-05,0.7198441271,0.3743594444,191
100,0.49,5.762007346,8.0443566,2.999375861,2.999376472,7.783364238e-05,0.7198502878,0.3671617852,191
100,0.5,-8.568629063,4.786043425,2.999399755,2.999400094,7.201814274e-05,0.7198559891,0.3599640036,305
100,0.51,8.02195399,-6.194670851,2.999423838,2.999421946,6.661082845e-05,0.7198615008,0.3527661069,191
100,0.52,9.461423633,-7.371898981,2.999445644,2.999447058,6.130556513e-05,0.7198671303,0.3455681015,305
100,0.53,5.865060322,1.92305313,2.999468071,2.999467958,5.660176315e-05,0.7198723291,0.3383699936,191
100,0.54,-2.923770851,9.244010094,2.99948869,2.999489868,5.216724381e-05,0.7198774322,0.3311717891,191
100,0.55,-6.809943922,-7.340623856,2.999511346,2.999511389,4.775231532e-05,0.719882733,0.3239734936,305
100,0.56,-1.192411404,2.89763549,2.999528434,2.999528747,4.444544186e-05,0.7198868661,0.3167751105,191
100,0.57,3.754537894,3.643714261,2.999547537,2.999547517,4.094639299e-05,0.7198914105,0.309576646,191
100,0.58,1.418871792,1.838548925,2.999565755,2.999565578,3.772910878e-05,0.7198957637,0.3023781037,191
100,0.59,-5.142992127,3.324690104,2.999582952,2.999583003,3.478153463e-05,0.7198999181,0.2951794875,191
100,0.6,-0.5111119293,8.370032049,2.999600205,2.999599257,3.204310986e-05,0.7199039386,0.2879808013,191
100,0.61,0.2894067905,2.200884098,2.999616288,2.999616469,2.943306876e-05,0.7199079338,0.2807820484,191
100,0.62,0.7747483304,-9.413377614,2.999630163,2.999622958,2.789400237e-05,0.7199103773,0.2735832377,419
100,0.63,9.282579859,-2.887148071,2.999647836,2.999646412,2.490440713e-05,0.7199153122,0.2663843553,191
100,0.64,-3.384759805,5.044587196,2.999662286,2.999663099,2.27552502e-05,0.7199190486,0.2591854208,191
100,0.65,-4.842791471,-1.953388868,2.999676966,2.999677692,2.082334451e-05,0.719922561,0.2519864315,191
100,0.66,-0.1693693782,-6.820837491,2.999691036,2.999688995,1.921826222e-05,0.7199256057,0.24478739,191
100,0.67,1.851940291,-0.7079457541,2.99970474,2.99970495,1.742325139e-05,0.7199291646,0.2375882979,191
100,0.68,-4.192736472,-2.282999396,2.999717903,2.999718776,1.586659573e-05,0.719932403,0.2303891582,191
100,0.69,-8.784892633,2.883492677,2.999730885,2.999730451,1.450796013e-05,0.7199353618,0.2231899726,305
100,0.7,-3.038989312,-5.594836546,2.999743129,2.999744611,1.312060545e-05,0.7199385302,0.2159907435,191
100,0.71,5.542868821,5.768599285,2.999754847,2.999754204,1.20515707e-05,0.7199410873,0.2087914719,191
100,0.72,7.302798944,-0.7025932943,2.999766792,2.999765912,1.091830453e-05,0.7199439256,0.2015921603,191
100,0.73,-0.5876864542,-1.278329273,2.99977836,2.999779052,9.794232324e-06,0.7199468904,0.1943928102,191
100,0.74,-8.86404437,4.269321418,2.999788143,2.999789311,8.927316493e-06,0.7199492954,0.187193423,305
100,0.75,-7.953639179,0.6248437011,2.999799366,2.999799858,8.03107561e-06,0.7199519077,0.1799940002,305
100,0.76,2.639353467,2.335767612,2.999810508,2.999810396,7.185664708e-06,0.7199545093,0.1727945433,191
100,0.77,-7.174272201,-6.585898211,2.99982322,2.999823131,6.253360803e-06,0.7199575628,0.1655950545,305
100,0.78,2.922389998,-7.891692351,3.006734215,2.999778248,0.004539883163,0.7207819497,0.1621131378,191
100,0.79,0.5269537263,9.537630202,2.999841232,2.999839522,5.096044954e-06,0.719961691,0.151195981,191
100,0.8,7.152894846,5.684162255,2.999850133,2.999850254,4.488416635e-06,0.7199640468,0.1439964001,191
100,0.81,-2.415758675,-3.016474542,2.999859197,2.999858306,3.990292874e-06,0.7199661007,0.1367967913,191
100,0.82,8.863324765,9.436181616,2.999868528,2.999869538,3.430522527e-06,0.7199685683,0.1295971553,191
100,0.83,6.275579713,-5.329411717,2.999877285,2.999875424,3.057816998e-06,0.7199703254,0.1223974933,191
100,0.84,-2.84681779,7.49068708,2.999885704,2.999884768,2.634185406e-06,0.719972457,0.1151978058,191
100,0.85,7.55408096,4.114192898,2.999893936,2.999894169,2.244962387e-06,0.7199745729,0.1079980942,191
100,0.86,-8.104149475,3.096949772,2.999901983,2.999902331,1.914656353e-06,0.7199765179,0.1007983591,305
100,0.87,-0.1172078169,9.198649469,2.999910615,2.999911422,1.583568598e-06,0.7199786446,0.09359860151,191
100,0.88,-7.605643523,9.295105729,2.999919055,2.999917611,1.334009814e-06,0.7199804,0.08639882193,305
100,0.89,-2.079679804,-6.469687892,2.999925913,2.999927423,1.075638342e-06,0.7199824004,0.07919902136,191
100,0.9,3.564427138,-0.03331898248,2.999933297,2.999933784,8.833876562e-07,0.7199840498,0.07199920003,191
100,0.91,4.155155809,-3.796219404,2.999940523,2.999939691,7.174739488e-07,0.7199856257,0.06479935921,191
100,0.92,-7.69755137,6.980883608,2.999947514,2.999947937,5.46538604e-07,0.7199874541,0.05759949914,305
100,0.93,-0.3821176059,5.224838627,2.999954584,2.999955037,4.084282791e-07,0.7199891546,0.05039962066,191
100,0.94,9.089191258,-9.855163889,2.999960094,2.999964395,2.860218608e-07,0.7199909387,0.04319972518,305
100,0.95,4.76246882,6.242086103,2.999969161,2.999968789,1.925157308e-07,0.719992554,0.03599981059,191
100,0.96,5.828998366,-7.653289855,2.999975524,2.99997317,1.318916936e-07,0.7199938433,0.02879988035,419
100,0.97,-6.774388448,4.692323122,2.999981598,2.999981404,6.844343013e-08,0.7199955603,0.0215999332,191
100,0.98,-8.217108249,9.501191266,2.999986962,2.999988202,3.09180868e-08,0.7199970197,0.01439997069,305
100,0.99,9.362911405,-1.06392603,2.99999395,2.999994772,6.393861816e-09,0.7199986466,0.007199992796,191
100,1,6.991878346,6.916992356,3.000000175,3.000001006,1.041908444e-10,0.7200001417,1.041908444e-10,191
