Długość kroku,Lp.,x1(0),x2(0),Metoda najszybszego spadku,,,,,,Metoda gradientów sprzężonych,,,,,,Metoda Newtona,,,,,,
,,,,x1*,x2*,y*,f_calls,g_calls,Minimum globalne [TAK/NIE],x1*,x2*,y*,f_calls,g_calls,Minimum globalne [TAK/NIE],x1*,x2*,y*,f_calls,g_calls,H_calls,Minimum globalne [TAK/NIE]
"0,05",1,"-0,571566","-1,37302","2,32E-04","-5,60E-04","2,92E-07",91,91,TAK,"2,12E-04","-4,45E-04","1,94E-07",26,26,TAK,"-1,07E+00","5,35E-01","8,77E-01",160,160,159,NIE
,2,"-0,9434","-0,981103","2,28E-04","-5,49E-04","2,80E-07",78,78,TAK,"2,61E-05","3,39E-04","1,25E-07",20,20,TAK,"-1,07E+00","5,35E-01","8,77E-01",161,161,160,NIE
,3,"-1,90182","-1,71702","-1,75E+00","8,73E-01","2,99E-01",87,87,NIE,nan,nan,nan,10001,10001,NIE,"-1,75E+00","8,73E-01","2,99E-01",176,176,175,NIE
,4,"-1,66484","-1,28852","-1,75E+00","8,73E-01","2,99E-01",85,85,NIE,"-1,75E+00","8,73E-01","2,99E-01",23,23,NIE,"-1,75E+00","8,73E-01","2,99E-01",165,165,164,NIE
,5,"1,29452","-0,355094","1,75E+00","-8,73E-01","2,99E-01",73,73,NIE,nan,nan,nan,10001,10001,NIE,"1,07E+00","-5,35E-01","8,77E-01",134,134,133,NIE
,6,"0,892807","-1,39424","2,39E-04","-5,77E-04","3,09E-07",106,106,TAK,nan,nan,nan,10001,10001,NIE,"1,07E+00","-5,36E-01","8,77E-01",149,149,148,NIE
,7,"-0,221442","-1,70942","2,26E-04","-5,46E-04","2,77E-07",96,96,TAK,"2,70E-04","-3,74E-04","1,84E-07",27,27,TAK,"-4,61E-05","-3,81E-04","1,67E-07",165,165,164,TAK
,8,"1,45716","0,543893","1,75E+00","-8,73E-01","2,99E-01",82,82,NIE,"1,75E+00","-8,73E-01","2,99E-01",24,24,NIE,"1,07E+00","-5,35E-01","8,77E-01",154,154,153,NIE
,9,"-1,69582","-1,26929","-1,75E+00","8,73E-01","2,99E-01",85,85,NIE,"-1,75E+00","8,73E-01","2,99E-01",23,23,NIE,"-1,75E+00","8,73E-01","2,99E-01",166,166,165,NIE
,10,"-1,56821","-0,556279","-1,75E+00","8,73E-01","2,99E-01",81,81,NIE,"-1,75E+00","8,73E-01","2,99E-01",25,25,NIE,"-1,75E+00","8,73E-01","2,99E-01",155,155,154,NIE
,11,"0,856616","0,665963","-2,23E-04","5,38E-04","2,69E-07",67,67,TAK,"2,27E-04","-4,57E-04","2,08E-07",22,22,TAK,"1,07E+00","-5,35E-01","8,77E-01",157,157,156,NIE
,12,"-1,51271","0,356655","-1,75E+00","8,73E-01","2,99E-01",71,71,NIE,"-1,75E+00","8,74E-01","2,99E-01",18,18,NIE,"-1,75E+00","8,73E-01","2,99E-01",138,138,137,NIE
,13,"0,342622","0,809283","-2,27E-04","5,48E-04","2,79E-07",85,85,TAK,"-1,30E-04","5,01E-04","2,20E-07",24,24,TAK,"1,03E-04","2,94E-04","1,38E-07",156,156,155,TAK
,14,"0,114294","-1,47333","2,33E-04","-5,62E-04","2,94E-07",95,95,TAK,"2,59E-04","-3,02E-04","1,47E-07",27,27,TAK,"3,57E-05","-4,68E-04","2,05E-07",158,158,157,TAK
,15,"-1,25319","0,204443","-1,75E+00","8,73E-01","2,99E-01",77,77,NIE,"-1,75E+00","8,74E-01","2,99E-01",26,26,NIE,"-1,07E+00","5,35E-01","8,77E-01",135,135,134,NIE
,16,"-0,481128","-0,712164","2,36E-04","-5,69E-04","3,01E-07",81,81,TAK,"4,86E-05","-4,01E-04","1,46E-07",24,24,TAK,"-1,14E-04","-2,62E-04","1,24E-07",157,157,156,TAK
,17,"-0,69134","-0,851815","2,39E-04","-5,77E-04","3,09E-07",81,81,TAK,"4,82E-06","-4,19E-04","1,74E-07",24,24,TAK,"-1,07E+00","5,35E-01","8,77E-01",160,160,159,NIE
,18,"-0,811011","1,34859","-2,41E-04","5,81E-04","3,14E-07",100,100,TAK,"-5,82E-05","4,18E-04","1,57E-07",40,40,TAK,"-1,07E+00","5,36E-01","8,77E-01",149,149,148,NIE
,19,"-1,98716","-0,208863","-1,75E+00","8,73E-01","2,99E-01",78,78,NIE,"-1,75E+00","8,73E-01","2,99E-01",24,24,NIE,"-1,75E+00","8,74E-01","2,99E-01",173,173,172,NIE
,20,"-0,850849","1,70931","-2,32E-04","5,61E-04","2,92E-07",111,111,TAK,nan,nan,nan,10001,10001,NIE,"-1,07E+00","5,36E-01","8,77E-01",155,155,154,NIE
,21,"-1,37936","-0,907346","-1,75E+00","8,73E-01","2,99E-01",85,85,NIE,nan,nan,nan,10001,10001,NIE,"-1,07E+00","5,35E-01","8,77E-01",159,159,158,NIE
,22,"-0,627778","1,33958","-2,34E-04","5,65E-04","2,96E-07",97,97,TAK,"-2,97E-04","3,82E-04","2,09E-07",26,26,TAK,"-1,07E+00","5,36E-01","8,77E-01",150,150,149,NIE
,23,"1,82695","-1,59202","1,75E+00","-8,74E-01","2,99E-01",74,74,NIE,"1,75E+00","-8,74E-01","2,99E-01",23,23,NIE,"1,75E+00","-8,74E-01","2,99E-01",143,143,142,NIE
,24,"-1,90814","0,00453976","-1,75E+00","8,73E-01","2,99E-01",76,76,NIE,"-1,75E+00","8,73E-01","2,99E-01",24,24,NIE,"-1,75E+00","8,74E-01","2,99E-01",164,164,163,NIE
,25,"-1,88463","0,396974","-1,75E+00","8,73E-01","2,99E-01",69,69,NIE,"-1,75E+00","8,73E-01","2,99E-01",22,22,NIE,"-1,75E+00","8,74E-01","2,99E-01",158,158,157,NIE
,26,"0,24207","-0,518317","2,33E-04","-5,63E-04","2,95E-07",84,84,TAK,"1,83E-04","-4,87E-04","2,15E-07",24,24,TAK,"2,44E-04","-5,55E-04","2,92E-07",134,134,133,TAK
,27,"-0,427918","-1,0344","2,27E-04","-5,47E-04","2,78E-07",88,88,TAK,"1,79E-04","-4,73E-04","2,03E-07",25,25,TAK,"-9,45E-05","-3,11E-04","1,44E-07",160,160,159,TAK
,28,"1,3523","-1,74454","1,75E+00","-8,74E-01","2,99E-01",75,75,NIE,"1,75E+00","-8,74E-01","2,99E-01",24,24,NIE,"1,07E+00","-5,36E-01","8,77E-01",158,158,157,NIE
,29,"0,0489275","1,60003","-2,41E-04","5,81E-04","3,14E-07",95,95,TAK,"-2,85E-04","3,38E-04","1,80E-07",27,27,TAK,"1,26E-05","4,15E-04","1,77E-07",162,162,161,TAK
,30,"-0,474374","-1,69608","2,25E-04","-5,42E-04","2,73E-07",95,95,TAK,"2,63E-04","-5,32E-04","2,82E-07",26,26,TAK,"-6,79E-05","-3,54E-04","1,58E-07",167,167,166,TAK
,31,"-1,09355","0,683568","-1,75E+00","8,73E-01","2,99E-01",77,77,NIE,nan,nan,nan,10001,10001,NIE,"-1,07E+00","5,36E-01","8,77E-01",116,116,115,NIE
,32,"-1,59428","0,624943","-1,75E+00","8,73E-01","2,99E-01",64,64,NIE,"-1,75E+00","8,73E-01","2,99E-01",20,20,NIE,"-1,75E+00","8,74E-01","2,99E-01",136,136,135,NIE
,33,"-1,72466","1,52678","-1,75E+00","8,74E-01","2,99E-01",73,73,NIE,"-1,75E+00","8,74E-01","2,99E-01",23,23,NIE,"-1,75E+00","8,74E-01","2,99E-01",145,145,144,NIE
,34,"-1,3101","-0,545242","-1,75E+00","8,73E-01","2,99E-01",84,84,NIE,"-1,75E+00","8,74E-01","2,99E-01",44,44,NIE,"-1,07E+00","5,35E-01","8,77E-01",153,153,152,NIE
,35,"-1,87365","-1,26292","-1,75E+00","8,73E-01","2,99E-01",85,85,NIE,"-1,75E+00","8,74E-01","2,99E-01",27,27,NIE,"-1,75E+00","8,73E-01","2,99E-01",171,171,170,NIE
,36,"-1,66883","0,435088","-1,75E+00","8,73E-01","2,99E-01",69,69,NIE,"-1,75E+00","8,73E-01","2,99E-01",21,21,NIE,"-1,75E+00","8,73E-01","2,99E-01",133,133,132,NIE
,37,"-1,09877","0,578172","-1,75E+00","8,73E-01","2,99E-01",79,79,NIE,nan,nan,nan,10001,10001,NIE,"-1,07E+00","5,36E-01","8,77E-01",101,101,100,NIE
,38,"-0,00909563","-1,15876","2,24E-04","-5,41E-04","2,71E-07",92,92,TAK,"3,11E-04","-3,80E-04","2,20E-07",26,26,TAK,"-3,37E-06","-4,30E-04","1,86E-07",155,155,154,TAK
,39,"-0,457842","0,670735","-2,23E-04","5,39E-04","2,70E-07",89,89,TAK,"-1,08E-04","4,87E-04","2,08E-07",25,25,TAK,"-2,84E-04","5,14E-04","2,80E-07",139,139,138,TAK
,40,"-0,457014","-1,32765","2,36E-04","-5,69E-04","3,01E-07",91,91,TAK,"2,32E-04","-4,44E-04","2,02E-07",26,26,TAK,"-7,87E-05","-3,25E-04","1,43E-07",164,164,163,TAK
,41,"0,220067","0,603536","-2,24E-04","5,42E-04","2,73E-07",82,82,TAK,"-9,44E-05","5,23E-04","2,42E-07",23,23,TAK,"9,90E-05","2,93E-04","1,34E-07",150,150,149,TAK
,42,"0,247962","-1,03683","2,24E-04","-5,40E-04","2,71E-07",92,92,TAK,"2,25E-04","-4,03E-04","1,73E-07",26,26,TAK,"1,21E-04","-5,46E-04","2,61E-07",148,148,147,TAK
,43,"-0,766372","1,09336","-2,29E-04","5,53E-04","2,84E-07",97,97,TAK,"-2,75E-04","3,42E-04","1,74E-07",25,25,TAK,"-1,07E+00","5,36E-01","8,77E-01",144,144,143,NIE
,44,"1,34127","1,99507","-2,26E-04","5,47E-04","2,78E-07",82,82,TAK,"2,34E-04","-4,56E-04","2,11E-07",30,30,TAK,"1,07E+00","-5,35E-01","8,77E-01",170,170,169,NIE
,45,"-1,92314","-0,0182232","-1,75E+00","8,73E-01","2,99E-01",76,76,NIE,"-1,75E+00","8,73E-01","2,99E-01",24,24,NIE,"-1,75E+00","8,74E-01","2,99E-01",166,166,165,NIE
,46,"1,70758","0,187196","1,75E+00","-8,73E-01","2,99E-01",78,78,NIE,"1,75E+00","-8,73E-01","2,99E-01",24,24,NIE,"1,75E+00","-8,73E-01","2,99E-01",151,151,150,NIE
,47,"-1,00167","-1,08904","2,24E-04","-5,41E-04","2,72E-07",79,79,TAK,"-1,68E-04","4,76E-04","2,03E-07",22,22,TAK,"-1,07E+00","5,35E-01","8,77E-01",162,162,161,NIE
,48,"-0,783957","1,29841","-2,36E-04","5,69E-04","3,01E-07",99,99,TAK,"-1,47E-04","3,90E-05","3,88E-08",30,30,TAK,"-1,07E+00","5,36E-01","8,77E-01",148,148,147,NIE
,49,"-1,10285","1,88453","-1,75E+00","8,74E-01","2,99E-01",75,75,NIE,"-1,75E+00","8,74E-01","2,99E-01",22,22,NIE,"-1,07E+00","5,36E-01","8,77E-01",158,158,157,NIE
,50,"1,28347","-0,445253","1,75E+00","-8,73E-01","2,99E-01",72,72,NIE,nan,nan,nan,10001,10001,NIE,"1,07E+00","-5,35E-01","8,77E-01",132,132,131,NIE
,51,"1,41049","0,124766","1,75E+00","-8,73E-01","2,99E-01",78,78,NIE,"1,75E+00","-8,73E-01","2,99E-01",23,23,NIE,"1,07E+00","-5,35E-01","8,77E-01",147,147,146,NIE
,52,"-0,394161","0,611044","-2,33E-04","5,63E-04","2,95E-07",87,87,TAK,"-1,12E-04","4,38E-04","1,68E-07",25,25,TAK,"-2,81E-04","5,08E-04","2,73E-07",138,138,137,TAK
,53,"1,31863","-0,786184","1,75E+00","-8,73E-01","2,99E-01",61,61,NIE,"1,75E+00","-8,73E-01","2,99E-01",21,21,NIE,"1,07E+00","-5,35E-01","8,77E-01",139,139,138,NIE
,54,"-0,184803","-1,86341","2,31E-04","-5,58E-04","2,89E-07",97,97,TAK,"2,66E-04","-3,91E-04","1,90E-07",27,27,TAK,"-3,73E-05","-3,94E-04","1,73E-07",166,166,165,TAK
,55,"1,46786","1,08854","1,75E+00","-8,73E-01","2,99E-01",85,85,NIE,"1,75E+00","-8,74E-01","2,99E-01",22,22,NIE,"1,07E+00","-5,35E-01","8,77E-01",162,162,161,NIE
,56,"-0,766281","-0,211931","-2,37E-04","5,71E-04","3,03E-07",72,72,TAK,"-2,93E-04","3,33E-04","1,85E-07",23,23,TAK,"-1,07E+00","5,35E-01","8,77E-01",150,150,149,NIE
,57,"0,0737888","-0,313758","2,29E-04","-5,52E-04","2,84E-07",77,77,TAK,"3,00E-04","-4,98E-04","2,78E-07",22,22,TAK,"1,27E-04","-5,42E-04","2,57E-07",125,125,124,TAK
,58,"0,854552","0,433633","2,37E-04","-5,71E-04","3,03E-07",62,62,TAK,"2,64E-04","-2,46E-04","1,35E-07",24,24,TAK,"1,07E+00","-5,35E-01","8,77E-01",153,153,152,NIE
,59,"0,811689","1,00131","-2,23E-04","5,38E-04","2,69E-07",83,83,TAK,"-1,65E-05","3,00E-04","8,55E-08",25,25,TAK,"1,07E+00","-5,35E-01","8,77E-01",161,161,160,NIE
,60,"0,964119","0,0164268","2,41E-04","-5,81E-04","3,14E-07",87,87,TAK,nan,nan,nan,10001,10001,NIE,"1,07E+00","-5,35E-01","8,77E-01",142,142,141,NIE
,61,"-1,50671","1,71185","-1,75E+00","8,74E-01","2,99E-01",75,75,NIE,"-1,75E+00","8,74E-01","2,99E-01",24,24,NIE,"-1,75E+00","8,74E-01","2,99E-01",156,156,155,NIE
,62,"0,859417","1,6115","-2,38E-04","5,75E-04","3,07E-07",91,91,TAK,"-1,66E-04","4,51E-04","1,84E-07",26,26,TAK,"1,07E+00","-5,35E-01","8,77E-01",167,167,166,NIE
,63,"1,04742","-1,12529","1,75E+00","-8,73E-01","2,99E-01",66,66,NIE,nan,nan,nan,10001,10001,NIE,"1,07E+00","-5,36E-01","8,77E-01",141,141,140,NIE
,64,"0,163249","-1,74891","2,39E-04","-5,76E-04","3,09E-07",97,97,TAK,"3,07E-04","-3,48E-04","2,03E-07",27,27,TAK,"4,30E-05","-4,76E-04","2,10E-07",161,161,160,TAK
,65,"0,369297","-1,27642","2,24E-04","-5,41E-04","2,72E-07",95,95,TAK,"2,79E-04","-4,86E-04","2,56E-07",26,26,TAK,"1,39E-04","-5,67E-04","2,81E-07",151,151,150,TAK
,66,"1,36799","-1,76227","1,75E+00","-8,74E-01","2,99E-01",75,75,NIE,"1,75E+00","-8,74E-01","2,99E-01",23,23,NIE,"1,07E+00","-5,36E-01","8,77E-01",158,158,157,NIE
,67,"-1,80286","-1,86275","-1,75E+00","8,73E-01","2,99E-01",88,88,NIE,nan,nan,nan,10001,10001,NIE,"-1,75E+00","8,73E-01","2,99E-01",173,173,172,NIE
,68,"0,834213","-0,619111","2,34E-04","-5,65E-04","2,96E-07",93,93,TAK,"1,31E-04","2,34E-04","1,20E-07",24,24,TAK,"1,07E+00","-5,35E-01","8,77E-01",131,131,130,NIE
,69,"1,73825","0,242549","1,75E+00","-8,73E-01","2,99E-01",78,78,NIE,"1,75E+00","-8,73E-01","2,99E-01",24,24,NIE,"1,75E+00","-8,73E-01","2,99E-01",154,154,153,NIE
,70,"-0,320211","0,204568","-2,30E-04","5,56E-04","2,87E-07",77,77,TAK,"-2,66E-04","3,04E-04","1,53E-07",22,22,TAK,"-2,88E-04","1,90E-04","1,48E-07",135,135,134,TAK
,71,"0,577078","-0,108654","2,27E-04","-5,48E-04","2,79E-07",79,79,TAK,"3,12E-04","-3,63E-04","2,13E-07",22,22,TAK,"1,07E+00","-5,35E-01","8,77E-01",123,123,122,NIE
,72,"0,676412","0,0479695","2,31E-04","-5,58E-04","2,89E-07",76,76,TAK,"2,69E-04","-2,73E-04","1,46E-07",23,23,TAK,"1,07E+00","-5,35E-01","8,77E-01",147,147,146,NIE
,73,"0,393888","1,64373","-2,23E-04","5,38E-04","2,69E-07",95,95,TAK,"-2,76E-04","5,26E-04","2,84E-07",26,26,TAK,"6,68E-05","3,55E-04","1,59E-07",166,166,165,TAK
,74,"1,31874","-1,01639","1,75E+00","-8,74E-01","2,99E-01",43,43,NIE,"1,75E+00","-8,73E-01","2,99E-01",18,18,NIE,"1,07E+00","-5,36E-01","8,77E-01",145,145,144,NIE
,75,"1,97621","-0,644728","1,75E+00","-8,73E-01","2,99E-01",62,62,NIE,"1,75E+00","-8,73E-01","2,99E-01",20,20,NIE,"1,75E+00","-8,74E-01","2,99E-01",168,168,167,NIE
,76,"0,00355242","0,464935","-2,40E-04","5,80E-04","3,13E-07",80,80,TAK,"-2,64E-04","5,06E-04","2,62E-07",23,23,TAK,"3,32E-06","4,34E-04","1,90E-07",137,137,136,TAK
,77,"0,822122","-1,30749","2,39E-04","-5,77E-04","3,09E-07",100,100,TAK,"2,74E-04","-2,55E-04","1,45E-07",44,44,TAK,"1,07E+00","-5,36E-01","8,77E-01",148,148,147,NIE
,78,"-0,392479","1,83554","-2,32E-04","5,60E-04","2,92E-07",99,99,TAK,"-3,06E-04","3,42E-04","1,99E-07",27,27,TAK,"-9,08E-05","5,16E-04","2,36E-07",160,160,159,TAK
,79,"-0,156432","0,941083","-2,31E-04","5,57E-04","2,88E-07",90,90,TAK,"-2,21E-04","3,31E-04","1,34E-07",26,26,TAK,"-8,47E-05","5,25E-04","2,45E-07",147,147,146,TAK
,80,"1,33119","-0,990605","1,75E+00","-8,74E-01","2,99E-01",35,35,NIE,"1,75E+00","-8,73E-01","2,99E-01",18,18,NIE,"1,07E+00","-5,36E-01","8,77E-01",144,144,143,NIE
,81,"-0,110221","1,291","-2,40E-04","5,80E-04","3,13E-07",93,93,TAK,"-2,21E-04","2,75E-04","1,13E-07",27,27,TAK,"-4,03E-05","4,79E-04","2,13E-07",155,155,154,TAK
,82,"-0,173561","0,844744","-2,28E-04","5,51E-04","2,82E-07",89,89,TAK,"-2,87E-04","4,36E-04","2,30E-07",25,25,TAK,"-1,09E-04","5,49E-04","2,65E-07",144,144,143,TAK
,83,"-1,23989","1,5728","-1,75E+00","8,74E-01","2,99E-01",71,71,NIE,"-1,75E+00","8,74E-01","2,99E-01",23,23,NIE,"-1,07E+00","5,36E-01","8,77E-01",154,154,153,NIE
,84,"1,51522","-1,3848","1,75E+00","-8,74E-01","2,99E-01",70,70,NIE,"1,75E+00","-8,74E-01","2,99E-01",22,22,NIE,"1,75E+00","-8,74E-01","2,99E-01",152,152,151,NIE
,85,"0,984376","-0,41913","2,28E-04","-5,50E-04","2,81E-07",96,96,TAK,nan,nan,nan,10001,10001,NIE,"1,07E+00","-5,35E-01","8,77E-01",121,121,120,NIE
,86,"1,36587","1,62666","2,31E-04","-5,59E-04","2,90E-07",82,82,TAK,nan,nan,nan,10001,10001,NIE,"1,07E+00","-5,35E-01","8,77E-01",167,167,166,NIE
,87,"-1,6673","0,325186","-1,75E+00","8,73E-01","2,99E-01",71,71,NIE,"-1,75E+00","8,73E-01","2,99E-01",22,22,NIE,"-1,75E+00","8,73E-01","2,99E-01",137,137,136,NIE
,88,"1,54323","-1,09043","1,75E+00","-8,74E-01","2,99E-01",60,60,NIE,"1,75E+00","-8,74E-01","2,99E-01",20,20,NIE,"1,75E+00","-8,74E-01","2,99E-01",146,146,145,NIE
,89,"1,70319","-0,781249","1,75E+00","-8,73E-01","2,99E-01",54,54,NIE,"1,75E+00","-8,73E-01","2,99E-01",18,18,NIE,"1,75E+00","-8,74E-01","2,99E-01",119,119,118,NIE
,90,"1,67207","-1,60678","1,75E+00","-8,74E-01","2,99E-01",74,74,NIE,"1,75E+00","-8,74E-01","2,99E-01",23,23,NIE,"1,75E+00","-8,74E-01","2,99E-01",151,151,150,NIE
,91,"-1,98083","1,38577","-1,75E+00","8,74E-01","2,99E-01",70,70,NIE,"-1,75E+00","8,74E-01","2,99E-01",23,23,NIE,"-1,75E+00","8,74E-01","2,99E-01",166,166,165,NIE
,92,"-1,56231","-0,775873","-1,75E+00","8,73E-01","2,99E-01",83,83,NIE,"-1,75E+00","8,73E-01","2,99E-01",25,25,NIE,"-1,75E+00","8,73E-01","2,99E-01",158,158,157,NIE
,93,"-1,22587","-0,792299","-2,28E-04","5,50E-04","2,81E-07",92,92,TAK,nan,nan,nan,10001,10001,NIE,"-1,07E+00","5,35E-01","8,77E-01",157,157,156,NIE
,94,"0,549797","-1,47943","2,22E-04","-5,37E-04","2,68E-07",98,98,TAK,"2,20E-04","-3,17E-04","1,28E-07",27,27,TAK,"4,80E-05","-4,94E-04","2,25E-07",154,154,153,TAK
,95,"-1,69237","0,228097","-1,75E+00","8,73E-01","2,99E-01",73,73,NIE,"-1,75E+00","8,73E-01","2,99E-01",22,22,NIE,"-1,75E+00","8,73E-01","2,99E-01",140,140,139,NIE
,96,"1,17818","-1,79054","1,75E+00","-8,74E-01","2,99E-01",74,74,NIE,"1,75E+00","-8,74E-01","2,99E-01",23,23,NIE,"1,07E+00","-5,36E-01","8,77E-01",157,157,156,NIE
,97,"-1,61682","1,19253","-1,75E+00","8,74E-01","2,99E-01",65,65,NIE,"-1,75E+00","8,74E-01","2,99E-01",21,21,NIE,"-1,75E+00","8,74E-01","2,99E-01",145,145,144,NIE
,98,"-1,35111","1,58563","-1,75E+00","8,74E-01","2,99E-01",72,72,NIE,"-1,75E+00","8,74E-01","2,99E-01",23,23,NIE,"-1,07E+00","5,36E-01","8,77E-01",156,156,155,NIE
,99,"1,94997","-1,85217","1,75E+00","-8,74E-01","2,99E-01",77,77,NIE,"1,75E+00","-8,74E-01","2,99E-01",24,24,NIE,"1,75E+00","-8,74E-01","2,99E-01",161,161,160,NIE
,100,"-0,519639","-0,579532","2,25E-04","-5,42E-04","2,73E-07",77,77,TAK,"6,07E-06","-3,08E-04","9,28E-08",24,24,TAK,"-1,22E-04","-2,51E-04","1,23E-07",155,155,154,TAK
"0,25",1,"-0,583316","-0,26823","-1,47E-04","3,54E-04","1,16E-07",12,12,TAK,"-1,70E-04","1,44E-04","5,40E-08",9,9,TAK,"-1,75E+00","8,74E-01","2,99E-01",35,35,34,NIE
,2,"1,51591","0,659064","1,83E+00","-8,02E-01","3,59E-01",10001,10001,NIE,nan,nan,nan,10001,10001,NIE,"1,75E+00","-8,74E-01","2,99E-01",31,31,30,NIE
,3,"-1,16589","1,84499","-2,31E-04","5,57E-04","2,89E-07",20,20,TAK,nan,nan,nan,10001,10001,NIE,"-1,07E+00","5,36E-01","8,77E-01",29,29,28,NIE
,4,"0,475442","-1,83241","1,67E-04","-4,02E-04","1,50E-07",18,18,TAK,"5,43E-05","-2,15E-04","4,03E-08",10,10,TAK,"4,13E-05","-4,00E-04","1,47E-07",30,30,29,TAK
,5,"-0,747127","0,509151","-2,28E-04","5,51E-04","2,82E-07",16,16,TAK,"-1,39E-04","1,96E-04","4,99E-08",16,16,TAK,"-1,07E+00","5,35E-01","8,77E-01",25,25,24,NIE
,6,"-1,40741","1,85124","-2,04E-04","4,92E-04","2,25E-07",19,19,TAK,nan,nan,nan,10001,10001,NIE,"-1,07E+00","5,36E-01","8,77E-01",29,29,28,NIE
,7,"-0,291898","1,74126","-2,29E-04","5,53E-04","2,85E-07",17,17,TAK,"1,63E-04","-1,40E-04","5,00E-08",10,10,TAK,"-5,85E-05","4,09E-04","1,50E-07",30,30,29,TAK
,8,"0,731789","-1,87915","1,93E-04","-4,66E-04","2,01E-07",19,19,TAK,"-3,91E-05","2,15E-04","4,09E-08",14,14,TAK,"1,07E+00","-5,36E-01","8,77E-01",29,29,28,NIE
,9,"-0,377476","-0,60505","2,06E-04","-4,97E-04","2,29E-07",14,14,TAK,"1,11E-04","-3,22E-04","9,27E-08",9,9,TAK,"-1,15E-04","-2,78E-04","1,36E-07",28,28,27,TAK
,10,"0,0857706","0,248496","-1,76E-04","4,25E-04","1,67E-07",13,13,TAK,"-1,20E-04","4,36E-04","1,67E-07",8,8,TAK,"8,49E-05","2,50E-04","9,81E-08",25,25,24,TAK
,11,"-1,55236","-0,839466","-1,69E+00","7,65E-01","3,24E-01",10001,10001,NIE,nan,nan,nan,10001,10001,NIE,"-1,75E+00","8,73E-01","2,99E-01",30,30,29,NIE
,12,"-0,961683","0,00796753","-1,61E-04","3,87E-04","1,39E-07",17,17,TAK,nan,nan,nan,10001,10001,NIE,"-1,07E+00","5,35E-01","8,77E-01",26,26,25,NIE
,13,"-1,83111","1,00019","-1,71E+00","7,77E-01","3,13E-01",10001,10001,NIE,nan,nan,nan,10001,10001,NIE,"-1,75E+00","8,74E-01","2,99E-01",26,26,25,NIE
,14,"-0,84138","-0,293224","-1,55E-04","3,75E-04","1,31E-07",15,15,TAK,"1,56E-04","-1,71E-04","5,13E-08",9,9,TAK,"-1,07E+00","5,35E-01","8,77E-01",28,28,27,NIE
,15,"1,22059","-0,564813","1,89E+00","-8,45E-01","4,65E-01",10001,10001,NIE,nan,nan,nan,10001,10001,NIE,"1,07E+00","-5,35E-01","8,77E-01",24,24,23,NIE
,16,"0,66286","-1,29311","2,36E-04","-5,70E-04","3,02E-07",17,17,TAK,"-1,47E-04","2,01E-04","5,40E-08",9,9,TAK,"1,07E+00","-5,36E-01","8,77E-01",28,28,27,NIE
,17,"1,89073","-1,85677","1,75E-04","-4,22E-04","1,66E-07",20,20,TAK,nan,nan,nan,10001,10001,NIE,"1,75E+00","-8,74E-01","2,99E-01",29,29,28,NIE
,18,"-1,1922","-0,186912","-1,28E+00","8,78E-01","8,38E-01",10001,10001,NIE,nan,nan,nan,10001,10001,NIE,"-1,07E+00","5,35E-01","8,77E-01",27,27,26,NIE
,19,"-0,437421","0,647705","-1,65E-04","3,99E-04","1,48E-07",16,16,TAK,"-2,14E-04","3,41E-04","1,35E-07",9,9,TAK,"-2,51E-04","5,56E-04","2,95E-07",25,25,24,TAK
,20,"-1,56912","-0,652602","-1,36E+00","8,82E-01","7,43E-01",10001,10001,NIE,nan,nan,nan,10001,10001,NIE,"-1,75E+00","8,73E-01","2,99E-01",29,29,28,NIE
,21,"-1,18532","-0,911714","-1,87E-04","4,51E-04","1,89E-07",17,17,TAK,nan,nan,nan,10001,10001,NIE,"-1,07E+00","5,35E-01","8,77E-01",30,30,29,NIE
,22,"1,16963","1,53388","1,65E-04","-3,97E-04","1,47E-07",13,13,TAK,"2,48E-04","-4,17E-04","1,93E-07",10,10,TAK,"1,07E+00","-5,35E-01","8,77E-01",31,31,30,NIE
,23,"-0,152529","-0,798696","2,24E-04","-5,41E-04","2,72E-07",15,15,TAK,"1,73E-04","-5,19E-04","2,39E-07",9,9,TAK,"-6,18E-05","-3,39E-04","1,44E-07",28,28,27,TAK
,24,"-0,715886","-1,61496","1,99E-04","-4,81E-04","2,15E-07",16,16,TAK,"7,50E-05","-3,92E-04","1,36E-07",9,9,TAK,"-1,07E+00","5,35E-01","8,77E-01",31,31,30,NIE
,25,"-0,53501","0,59715","-1,74E-04","4,21E-04","1,65E-07",16,16,TAK,"-1,04E-04","-2,03E-04","8,42E-08",9,9,TAK,"-2,50E-04","5,66E-04","3,04E-07",24,24,23,TAK
,26,"-1,3606","-0,0170489","-1,46E+00","8,84E-01","5,92E-01",10001,10001,NIE,nan,nan,nan,10001,10001,NIE,"-1,07E+00","5,35E-01","8,77E-01",27,27,26,NIE
,27,"0,39311","-1,74104","1,46E-04","-3,53E-04","1,16E-07",18,18,TAK,"-2,39E-04","2,45E-04","1,16E-07",10,10,TAK,"8,61E-05","-5,33E-04","2,53E-07",29,29,28,TAK
,28,"-0,700977","-0,88487","1,87E-04","-4,51E-04","1,89E-07",14,14,TAK,"-4,38E-05","-3,64E-04","1,53E-07",9,9,TAK,"-1,07E+00","5,35E-01","8,77E-01",30,30,29,NIE
,29,"0,465251","1,1931","-1,72E-04","4,15E-04","1,60E-07",16,16,TAK,"-6,52E-05","2,53E-04","5,62E-08",10,10,TAK,"4,86E-05","3,15E-04","1,19E-07",30,30,29,TAK
,30,"0,67454","-1,77103","2,21E-04","-5,34E-04","2,65E-07",18,18,TAK,"2,66E-05","-1,24E-04","1,35E-08",14,14,TAK,"1,07E+00","-5,36E-01","8,77E-01",29,29,28,NIE
,31,"-0,765758","1,06347","-1,47E-04","3,55E-04","1,17E-07",18,18,TAK,"1,40E-04","-5,49E-04","2,63E-07",10,10,TAK,"-1,07E+00","5,36E-01","8,77E-01",27,27,26,NIE
,32,"-0,783647","0,0965208","-1,51E-04","3,65E-04","1,24E-07",16,16,TAK,"-2,01E-04","2,95E-04","1,09E-07",15,15,TAK,"-1,07E+00","5,35E-01","8,77E-01",27,27,26,NIE
,33,"1,07921","-0,529501","1,72E+00","-8,24E-01","3,04E-01",10001,10001,NIE,nan,nan,nan,10001,10001,NIE,"1,07E+00","-5,35E-01","8,77E-01",14,14,13,NIE
,34,"-1,02108","-1,32804","1,50E-04","-3,61E-04","1,21E-07",13,13,TAK,"4,47E-06","2,73E-04","7,57E-08",11,11,TAK,"-1,07E+00","5,35E-01","8,77E-01",31,31,30,NIE
,35,"0,991522","0,967436","2,19E-04","-5,29E-04","2,59E-07",12,12,TAK,"3,03E-06","-2,63E-04","6,85E-08",11,11,TAK,"1,07E+00","-5,35E-01","8,77E-01",30,30,29,NIE
,36,"-0,526385","-1,36804","1,94E-04","-4,69E-04","2,05E-07",16,16,TAK,"6,00E-05","-2,72E-04","6,50E-08",10,10,TAK,"7,64E-05","-4,27E-04","1,61E-07",30,30,29,TAK
,37,"-0,514386","0,206446","-1,56E-04","3,78E-04","1,33E-07",15,15,TAK,"5,66E-05","-2,77E-04","6,74E-08",10,10,TAK,"3,06E-04","-2,74E-04","1,78E-07",22,22,21,TAK
,38,"-1,77131","-0,659504","-1,87E+00","7,92E-01","4,17E-01",10001,10001,NIE,nan,nan,nan,10001,10001,NIE,"-1,75E+00","8,73E-01","2,99E-01",30,30,29,NIE
,39,"0,210817","1,54579","-1,70E-04","4,10E-04","1,56E-07",17,17,TAK,"-6,30E-05","3,50E-04","1,08E-07",10,10,TAK,"4,61E-05","3,70E-04","1,58E-07",30,30,29,TAK
,40,"-0,692949","-0,94294","2,21E-04","-5,35E-04","2,65E-07",14,14,TAK,"-8,17E-06","-1,72E-04","3,10E-08",10,10,TAK,"-1,07E+00","5,35E-01","8,77E-01",30,30,29,NIE
,41,"0,385781","1,80282","-1,89E-04","4,56E-04","1,93E-07",17,17,TAK,"-7,01E-05","3,63E-04","1,16E-07",10,10,TAK,"4,86E-05","3,32E-04","1,31E-07",31,31,30,TAK
,42,"1,10766","1,07606","1,67E-04","-4,03E-04","1,51E-07",15,15,TAK,"-2,66E-04","3,63E-04","1,76E-07",9,9,TAK,"1,07E+00","-5,35E-01","8,77E-01",30,30,29,NIE
,43,"-1,37418","0,664932","-1,83E+00","8,03E-01","3,55E-01",10001,10001,NIE,nan,nan,nan,10001,10001,NIE,"-1,07E+00","5,35E-01","8,77E-01",26,26,25,NIE
,44,"0,464424","-0,631772","1,67E-04","-4,03E-04","1,51E-07",16,16,TAK,"1,97E-04","-2,61E-04","9,42E-08",9,9,TAK,"2,07E-04","-5,04E-04","2,36E-07",25,25,24,TAK
,45,"-1,22557","-1,26123","-2,26E-04","5,46E-04","2,77E-07",16,16,TAK,"-8,98E-05","2,46E-04","5,44E-08",16,16,TAK,"-1,07E+00","5,35E-01","8,77E-01",30,30,29,NIE
,46,"0,117091","-0,129171","1,48E-04","-3,57E-04","1,18E-07",13,13,TAK,"6,97E-05","-2,59E-04","5,86E-08",8,8,TAK,"2,72E-04","-3,04E-04","1,57E-07",22,22,21,TAK
,47,"0,360515","-0,296084","2,40E-04","-5,79E-04","3,11E-07",14,14,TAK,"1,98E-05","-3,87E-04","1,43E-07",7,7,TAK,"2,71E-04","-2,52E-04","1,42E-07",25,25,24,TAK
,48,"-0,488243","-1,9049","1,89E-04","-4,56E-04","1,94E-07",17,17,TAK,"7,42E-05","-3,36E-04","9,92E-08",10,10,TAK,"-2,08E-05","-3,73E-04","1,48E-07",31,31,30,TAK
,49,"1,39835","0,649292","1,57E+00","-7,65E-01","4,32E-01",10001,10001,NIE,nan,nan,nan,10001,10001,NIE,"1,07E+00","-5,35E-01","8,77E-01",29,29,28,NIE
,50,"1,71163","-0,786145","1,88E+00","-8,12E-01","4,53E-01",10001,10001,NIE,nan,nan,nan,10001,10001,NIE,"1,75E+00","-8,74E-01","2,99E-01",22,22,21,NIE
,51,"0,771266","0,707651","-2,01E-04","4,86E-04","2,20E-07",11,11,TAK,"-2,12E-05","-1,31E-04","2,09E-08",11,11,TAK,"1,07E+00","-5,35E-01","8,77E-01",29,29,28,NIE
,52,"-0,328393","-0,866532","2,15E-04","-5,20E-04","2,51E-07",15,15,TAK,"1,79E-04","-5,36E-04","2,56E-07",9,9,TAK,"-8,30E-05","-2,86E-04","1,19E-07",29,29,28,TAK
,53,"-0,581928","-1,89868","1,74E-04","-4,20E-04","1,64E-07",17,17,TAK,"6,79E-05","-3,04E-04","8,08E-08",10,10,TAK,"-1,75E+00","8,74E-01","2,99E-01",37,37,36,NIE
,54,"-0,120148","-0,971028","1,71E-04","-4,13E-04","1,59E-07",16,16,TAK,"1,83E-04","-5,82E-04","2,99E-07",9,9,TAK,"-3,71E-05","-3,09E-04","1,10E-07",29,29,28,TAK
,55,"-0,986706","-0,48632","-2,38E-04","5,74E-04","3,06E-07",15,15,TAK,"-2,82E-04","3,00E-04","1,64E-07",10,10,TAK,"-1,07E+00","5,35E-01","8,77E-01",29,29,28,NIE
,56,"1,78714","0,162163","1,47E+00","-7,53E-01","5,66E-01",10001,10001,NIE,nan,nan,nan,10001,10001,NIE,"1,75E+00","-8,73E-01","2,99E-01",29,29,28,NIE
,57,"-1,79223","-0,554592","-1,80E+00","8,12E-01","3,20E-01",10001,10001,NIE,nan,nan,nan,10001,10001,NIE,"-1,75E+00","8,73E-01","2,99E-01",30,30,29,NIE
,58,"1,38418","1,72088","1,59E-04","-3,84E-04","1,37E-07",18,18,TAK,nan,nan,nan,10001,10001,NIE,"1,07E+00","-5,35E-01","8,77E-01",31,31,30,NIE
,59,"0,117685","-0,198646","2,06E-04","-4,96E-04","2,29E-07",13,13,TAK,"9,51E-05","-3,25E-04","9,30E-08",8,8,TAK,"2,73E-04","-4,69E-04","2,41E-07",22,22,21,TAK
,60,"0,187104","0,561866","-2,41E-04","5,82E-04","3,14E-07",14,14,TAK,"-1,07E-04","3,72E-04","1,22E-07",9,9,TAK,"7,41E-05","2,40E-04","8,66E-08",28,28,27,TAK
,61,"-0,190728","1,41159","-1,74E-04","4,20E-04","1,64E-07",17,17,TAK,"-3,90E-05","2,34E-04","4,87E-08",10,10,TAK,"-5,65E-05","4,46E-04","1,80E-07",29,29,28,TAK
,62,"0,471266","-1,67235","1,48E-04","-3,58E-04","1,19E-07",18,18,TAK,"-2,33E-04","2,22E-04","1,06E-07",10,10,TAK,"5,95E-05","-4,86E-04","2,14E-07",29,29,28,TAK
,63,"-1,48196","-1,47211","-1,73E+00","8,27E-01","3,01E-01",10001,10001,NIE,nan,nan,nan,10001,10001,NIE,"1,75E+00","-8,74E-01","2,99E-01",55,55,54,NIE
,64,"-1,88416","-0,963331","-1,60E-04","3,85E-04","1,38E-07",17,17,TAK,nan,nan,nan,10001,10001,NIE,"-1,75E+00","8,74E-01","2,99E-01",32,32,31,NIE
,65,"0,583131","-1,53379","1,52E-04","-3,66E-04","1,25E-07",18,18,TAK,"-1,69E-04","2,07E-04","6,47E-08",10,10,TAK,"1,75E+00","-8,74E-01","2,99E-01",35,35,34,NIE
,66,"-0,514809","-0,678753","1,86E-04","-4,50E-04","1,88E-07",14,14,TAK,"6,66E-05","-2,51E-04","5,52E-08",9,9,TAK,"5,70E-05","-4,25E-04","1,63E-07",28,28,27,TAK
,67,"-0,769075","-0,631855","2,19E-04","-5,26E-04","2,57E-07",7,7,TAK,"1,94E-05","1,34E-04","2,14E-08",11,11,TAK,"-1,07E+00","5,35E-01","8,77E-01",29,29,28,NIE
,68,"-0,972512","-1,41846","2,16E-04","-5,21E-04","2,52E-07",14,14,TAK,"3,10E-05","2,93E-04","9,71E-08",11,11,TAK,"-1,07E+00","5,35E-01","8,77E-01",31,31,30,NIE
,69,"0,436583","1,77288","-1,78E-04","4,31E-04","1,72E-07",17,17,TAK,"-7,27E-05","3,67E-04","1,18E-07",10,10,TAK,"4,47E-05","3,33E-04","1,30E-07",31,31,30,TAK
,70,"-1,7708","0,268775","-1,54E+00","8,74E-01","4,74E-01",10001,10001,NIE,nan,nan,nan,10001,10001,NIE,"-1,75E+00","8,73E-01","2,99E-01",27,27,26,NIE
,71,"-1,51719","1,88018","-1,74E-04","4,19E-04","1,63E-07",18,18,TAK,nan,nan,nan,10001,10001,NIE,"-1,75E+00","8,74E-01","2,99E-01",29,29,28,NIE
,72,"1,39896","-0,855428","1,87E+00","-7,75E-01","4,32E-01",10001,10001,NIE,nan,nan,nan,10001,10001,NIE,"1,07E+00","-5,35E-01","8,77E-01",26,26,25,NIE
,73,"-1,64077","-0,506789","-1,29E+00","8,72E-01","8,22E-01",10001,10001,NIE,nan,nan,nan,10001,10001,NIE,"-1,75E+00","8,73E-01","2,99E-01",29,29,28,NIE
,74,"1,95934","-0,552322","2,13E-04","-5,14E-04","2,46E-07",18,18,TAK,"3,79E-05","8,37E-05","1,31E-08",11,11,TAK,"1,75E+00","-8,74E-01","2,99E-01",31,31,30,NIE
,75,"-1,16463","-1,38254","-2,07E-04","5,00E-04","2,32E-07",14,14,TAK,"8,22E-05","-3,66E-04","1,17E-07",10,10,TAK,"-1,07E+00","5,35E-01","8,77E-01",31,31,30,NIE
,76,"-0,676798","1,83837","-2,39E-04","5,76E-04","3,09E-07",18,18,TAK,"6,00E-05","-2,63E-04","6,07E-08",12,12,TAK,"-1,07E+00","5,36E-01","8,77E-01",29,29,28,NIE
,77,"1,55522","-0,655434","1,57E+00","-8,59E-01","4,41E-01",10001,10001,NIE,nan,nan,nan,10001,10001,NIE,"1,75E+00","-8,74E-01","2,99E-01",24,24,23,NIE
,78,"0,846543","-1,49231","2,31E-04","-5,59E-04","2,90E-07",19,19,TAK,"-3,74E-05","3,71E-04","1,27E-07",21,21,TAK,"1,07E+00","-5,36E-01","8,77E-01",28,28,27,NIE
,79,"0,406432","1,69841","-1,72E-04","4,16E-04","1,61E-07",17,17,TAK,"-7,22E-05","3,71E-04","1,21E-07",10,10,TAK,"4,79E-05","3,16E-04","1,19E-07",31,31,30,TAK
,80,"-1,44247","-0,200282","-1,40E+00","8,72E-01","6,75E-01",10001,10001,NIE,nan,nan,nan,10001,10001,NIE,"-1,07E+00","5,35E-01","8,77E-01",28,28,27,NIE
,81,"1,73209","-0,359873","1,41E+00","-8,44E-01","6,64E-01",10001,10001,NIE,nan,nan,nan,10001,10001,NIE,"1,75E+00","-8,73E-01","2,99E-01",26,26,25,NIE
,82,"1,11725","-0,856208","1,42E+00","-8,62E-01","6,47E-01",10001,10001,NIE,nan,nan,nan,10001,10001,NIE,"1,07E+00","-5,36E-01","8,77E-01",25,25,24,NIE
,83,"1,75661","-1,91697","2,09E-04","-5,03E-04","2,35E-07",20,20,TAK,nan,nan,nan,10001,10001,NIE,"1,75E+00","-8,74E-01","2,99E-01",28,28,27,NIE
,84,"0,022548","0,258244","-2,06E-04","4,97E-04","2,30E-07",13,13,TAK,"-1,75E-04","4,07E-04","1,56E-07",8,8,TAK,"3,01E-05","3,46E-04","1,32E-07",24,24,23,TAK
,85,"0,1129","0,327927","-2,32E-04","5,60E-04","2,92E-07",13,13,TAK,"-1,61E-04","5,74E-04","2,89E-07",8,8,TAK,"8,30E-05","2,48E-04","9,57E-08",26,26,25,TAK
,86,"1,43996","1,4038","1,85E+00","-8,36E-01","3,88E-01",10001,10001,NIE,nan,nan,nan,10001,10001,NIE,"1,07E+00","-5,35E-01","8,77E-01",31,31,30,NIE
,87,"-0,788464","-0,957401","1,60E-04","-3,86E-04","1,39E-07",14,14,TAK,"2,24E-05","1,26E-04","1,96E-08",11,11,TAK,"-1,07E+00","5,35E-01","8,77E-01",30,30,29,NIE
,88,"-0,159934","0,616285","-2,08E-04","5,03E-04","2,35E-07",15,15,TAK,"-1,02E-04","3,18E-04","8,97E-08",9,9,TAK,"-1,15E-04","4,61E-04","1,86E-07",26,26,25,TAK
,89,"1,73781","1,53028","1,89E-04","-4,56E-04","1,93E-07",20,20,TAK,nan,nan,nan,10001,10001,NIE,"1,75E+00","-8,73E-01","2,99E-01",31,31,30,NIE
,90,"1,24211","0,182677","1,36E+00","-8,52E-01","7,31E-01",10001,10001,NIE,nan,nan,nan,10001,10001,NIE,"1,07E+00","-5,35E-01","8,77E-01",27,27,26,NIE
,91,"1,33723","0,995328","1,32E+00","-8,74E-01","7,83E-01",10001,10001,NIE,nan,nan,nan,10001,10001,NIE,"1,07E+00","-5,35E-01","8,77E-01",30,30,29,NIE
,92,"1,89816","-1,83541","1,77E-04","-4,29E-04","1,71E-07",21,21,TAK,nan,nan,nan,10001,10001,NIE,"1,75E+00","-8,74E-01","2,99E-01",29,29,28,NIE
,93,"-1,00647","-1,97348","1,76E-04","-4,25E-04","1,68E-07",16,16,TAK,"5,23E-05","3,34E-04","1,35E-07",11,11,TAK,"-1,07E+00","5,35E-01","8,77E-01",32,32,31,NIE
,94,"1,05104","-0,524883","2,27E-04","-5,48E-04","2,79E-07",20,20,TAK,nan,nan,nan,10001,10001,NIE,"1,07E+00","-5,35E-01","8,77E-01",17,17,16,NIE
,95,"0,192998","-0,308789","1,97E-04","-4,75E-04","2,10E-07",14,14,TAK,"1,36E-04","-5,12E-04","2,30E-07",8,8,TAK,"2,41E-04","-4,04E-04","1,82E-07",24,24,23,TAK
,96,"1,42294","-0,114701","1,74E+00","-7,72E-01","3,09E-01",10001,10001,NIE,nan,nan,nan,10001,10001,NIE,"1,07E+00","-5,35E-01","8,77E-01",26,26,25,NIE
,97,"0,925806","-1,73905","1,82E+00","-8,40E-01","3,44E-01",10001,10001,NIE,nan,nan,nan,10001,10001,NIE,"1,07E+00","-5,36E-01","8,77E-01",29,29,28,NIE
,98,"-0,0599881","-1,128","2,07E-04","-5,00E-04","2,33E-07",16,16,TAK,"6,08E-05","-2,45E-04","5,26E-08",10,10,TAK,"-1,89E-05","-3,58E-04","1,36E-07",29,29,28,TAK
,99,"1,92468","-1,77979","1,83E+00","-7,86E-01","3,64E-01",10001,10001,NIE,nan,nan,nan,10001,10001,NIE,"1,75E+00","-8,74E-01","2,99E-01",30,30,29,NIE
,100,"-1,70276","1,3899","-1,80E+00","8,08E-01","3,25E-01",10001,10001,NIE,nan,nan,nan,10001,10001,NIE,"-1,75E+00","8,74E-01","2,99E-01",27,27,26,NIE
M. zk.,1,"1,28502","-0,544721","1,75E+00","-8,74E-01","2,99E-01",456,14,NIE,"1,75E+00","-8,74E-01","2,99E-01",316,10,NIE,"1,75E+00","-8,74E-01","2,99E-01",141,5,4,NIE
,2,"1,30124","-1,81479","1,75E+00","-8,74E-01","2,99E-01",841,25,NIE,"1,75E+00","-8,74E-01","2,99E-01",281,9,NIE,nan,nan,nan,10002,287,286,NIE
,3,"0,339345","-0,637124","9,31E-05","-1,95E-04","3,72E-08",141,5,TAK,"1,35E-05","-1,88E-05","4,64E-10",141,5,TAK,"2,06E-04","-3,04E-04","1,15E-07",71,3,2,TAK
,4,"-1,99096","-0,133965","-5,46E-05","-1,50E-05","7,01E-09",141,5,TAK,"-2,60E-05","2,69E-05","1,38E-09",176,6,TAK,"-1,75E+00","8,74E-01","2,99E-01",106,4,3,NIE
,5,"-1,55441","1,72422","6,80E-05","-1,22E-04","1,58E-08",316,10,TAK,"-1,75E+00","8,74E-01","2,99E-01",211,7,NIE,"-1,75E+00","8,74E-01","2,99E-01",141,5,4,NIE
,6,"-1,55294","-1,59006","-7,56E-05","4,16E-04","1,53E-07",386,12,TAK,nan,nan,nan,10002,287,NIE,"-1,75E+00","8,74E-01","2,99E-01",141,5,4,NIE
,7,"-1,05295","-1,01307","6,22E-06","4,35E-04","1,92E-07",351,11,TAK,"1,38E-04","-2,76E-04","7,61E-08",351,11,TAK,"-1,07E+00","5,35E-01","8,77E-01",36,2,1,NIE
,8,"-0,583289","-1,39996","1,30E-04","-2,03E-04","4,86E-08",316,10,TAK,"1,02E-04","-1,29E-04","2,44E-08",176,6,TAK,"-1,75E+00","8,74E-01","2,99E-01",106,4,3,NIE
,9,"-1,81139","-1,56334","3,12E-05","2,92E-04","9,60E-08",351,11,TAK,"5,41E-05","-8,35E-05","8,32E-09",316,10,TAK,"-1,75E+00","8,74E-01","2,99E-01",71,3,2,NIE
,10,"0,959022","1,16171","1,84E-04","-2,48E-04","8,35E-08",316,10,TAK,"6,61E-05","-1,09E-04","1,35E-08",211,7,TAK,nan,nan,nan,10002,287,286,NIE
,11,"-1,71693","-0,782257","-1,75E+00","8,73E-01","2,99E-01",561,17,NIE,"-1,75E+00","8,74E-01","2,99E-01",246,8,NIE,"-1,75E+00","8,74E-01","2,99E-01",71,3,2,NIE
,12,"1,27966","1,45305","2,00E-04","-1,88E-04","7,81E-08",386,12,TAK,"2,14E-04","-5,86E-04","3,10E-07",561,17,TAK,nan,nan,nan,10002,287,286,NIE
,13,"-0,789858","-0,122592","-2,74E-04","5,42E-04","2,95E-07",176,6,TAK,"1,16E-04","-1,40E-04","3,03E-08",316,10,TAK,"-1,75E+00","8,74E-01","2,99E-01",141,5,4,NIE
,14,"0,949443","-1,91094","1,75E+00","-8,74E-01","2,99E-01",561,17,NIE,"1,75E+00","-8,73E-01","2,99E-01",631,19,NIE,nan,nan,nan,10002,287,286,NIE
,15,"0,163831","-0,977472","4,19E-05","-2,57E-04","5,90E-08",351,11,TAK,"-4,66E-05","-7,30E-05","1,31E-08",141,5,TAK,"1,91E-07","-1,06E-06","1,00E-12",71,3,2,TAK
,16,"-0,984882","-0,428643","3,00E-05","2,53E-04","7,34E-08",351,11,TAK,"-2,88E-04","2,25E-04","1,52E-07",491,15,TAK,nan,nan,nan,10002,287,286,NIE
,17,"1,00278","1,58699","-1,51E-05","-3,76E-04","1,48E-07",281,9,TAK,"3,46E-05","7,05E-06","2,69E-09",176,6,TAK,nan,nan,nan,10002,287,286,NIE
,18,"1,07987","-0,258219","2,25E-04","-3,77E-04","1,59E-07",281,9,TAK,nan,nan,nan,10002,287,NIE,"1,07E+00","-5,35E-01","8,77E-01",36,2,1,NIE
,19,"-0,742195","-0,541641","9,40E-05","2,24E-04","8,91E-08",211,7,TAK,"-3,39E-05","4,60E-06","2,16E-09",176,6,TAK,"-1,75E+00","8,74E-01","2,99E-01",141,5,4,NIE
,20,"-1,30681","1,41166","-1,75E+00","8,74E-01","2,99E-01",666,20,NIE,"-1,75E+00","8,74E-01","2,99E-01",211,7,NIE,"2,04E-11","-1,15E-08","1,31E-16",596,18,17,TAK
,21,"-0,898159","-0,875264","-1,10E-04","1,62E-04","3,26E-08",316,10,TAK,"-8,37E-05","1,40E-04","2,18E-08",211,7,TAK,nan,nan,nan,10002,287,286,NIE
,22,"1,768","0,648397","1,75E+00","-8,74E-01","2,99E-01",316,10,NIE,"1,75E+00","-8,73E-01","2,99E-01",631,19,NIE,"1,75E+00","-8,74E-01","2,99E-01",71,3,2,NIE
,23,"-1,37283","1,21418","-1,75E+00","8,74E-01","2,99E-01",526,16,NIE,"-1,75E+00","8,74E-01","2,99E-01",176,6,NIE,"3,19E-10","-1,06E-09","9,92E-19",141,5,4,TAK
,24,"-0,21656","-1,2871","2,99E-04","-4,37E-04","2,39E-07",316,10,TAK,"-1,21E-04","-6,73E-05","4,20E-08",141,5,TAK,"-2,44E-06","-1,27E-05","2,05E-10",71,3,2,TAK
,25,"-1,0706","-0,8318","-1,69E-04","2,02E-04","6,37E-08",386,12,TAK,"-2,20E-04","2,18E-05","9,27E-08",456,14,TAK,"-1,07E+00","5,35E-01","8,77E-01",36,2,1,NIE
,26,"-0,14401","1,39977","-1,82E-04","1,77E-04","6,53E-08",386,12,TAK,"-5,96E-05","1,02E-04","1,14E-08",176,6,TAK,"-2,26E-08","2,09E-07","3,98E-14",71,3,2,TAK
,27,"-1,90949","-1,67067","-9,98E-05","1,69E-04","3,17E-08",246,8,TAK,"5,02E-05","-4,18E-04","1,59E-07",141,5,TAK,"-1,75E+00","8,74E-01","2,99E-01",106,4,3,NIE
,28,"-0,398232","1,30472","-8,01E-05","3,12E-04","8,53E-08",281,9,TAK,"5,49E-06","1,08E-05","2,35E-10",141,5,TAK,"2,62E-07","1,23E-07","1,85E-13",106,4,3,TAK
,29,"-1,1455","0,659484","-1,75E+00","8,74E-01","2,99E-01",456,14,NIE,nan,nan,nan,10002,287,NIE,nan,nan,nan,10002,287,286,NIE
,30,"0,88625","1,86396","-2,64E-04","3,61E-04","1,74E-07",316,10,TAK,"-2,61E-04","1,37E-04","1,19E-07",176,6,TAK,nan,nan,nan,10002,287,286,NIE
,31,"-0,237793","-1,56606","-3,24E-05","-2,30E-04","6,22E-08",351,11,TAK,"3,92E-05","-1,13E-04","1,14E-08",176,6,TAK,"-5,66E-06","-3,17E-05","1,25E-09",71,3,2,TAK
,32,"-1,36764","0,172536","-1,75E+00","8,73E-01","2,99E-01",491,15,NIE,"-1,75E+00","8,74E-01","2,99E-01",281,9,NIE,"1,24E-10","3,99E-10","2,40E-19",141,5,4,TAK
,33,"-0,762314","0,782192","1,29E-04","-2,35E-04","5,82E-08",211,7,TAK,"4,88E-05","-3,37E-04","1,02E-07",246,8,TAK,"-1,75E+00","8,74E-01","2,99E-01",106,4,3,NIE
,34,"0,695112","1,23202","7,60E-05","3,17E-04","1,36E-07",281,9,TAK,"-1,22E-04","9,54E-05","2,73E-08",176,6,TAK,"1,75E+00","-8,74E-01","2,99E-01",141,5,4,NIE
,35,"1,90707","1,84708","-6,99E-05","-2,12E-04","6,98E-08",211,7,TAK,"-1,01E-04","9,74E-05","2,02E-08",106,4,TAK,"1,75E+00","-8,74E-01","2,99E-01",106,4,3,NIE
,36,"0,309037","-1,76064","7,02E-05","-4,46E-04","1,77E-07",351,11,TAK,"-4,10E-05","-1,26E-04","2,43E-08",211,7,TAK,"2,30E-11","-1,60E-10","2,29E-20",106,4,3,TAK
,37,"-0,708619","1,33166","-4,73E-05","1,62E-04","2,32E-08",281,9,TAK,"9,49E-05","-2,15E-04","4,38E-08",281,9,TAK,"-1,75E+00","8,74E-01","2,99E-01",141,5,4,NIE
,38,"-0,268813","-1,41112","2,75E-04","-4,07E-04","2,04E-07",316,10,TAK,"-1,69E-04","-9,05E-05","8,08E-08",141,5,TAK,"-3,03E-05","-1,29E-04","2,24E-08",71,3,2,TAK
,39,"0,315631","0,882846","7,10E-05","2,30E-04","7,91E-08",281,9,TAK,"3,36E-05","2,79E-05","3,98E-09",141,5,TAK,"-1,72E-11","1,78E-10","2,91E-20",106,4,3,TAK
,40,"-1,46498","-0,669889","-1,75E+00","8,74E-01","2,99E-01",246,8,NIE,"-1,75E+00","8,74E-01","2,99E-01",176,6,NIE,"1,75E+00","-8,74E-01","2,99E-01",106,4,3,NIE
,41,"-0,464263","-0,961139","-5,45E-05","-1,58E-04","3,96E-08",281,9,TAK,"2,37E-05","-3,46E-05","1,50E-09",176,6,TAK,"5,38E-05","-9,57E-05","9,79E-09",106,4,3,TAK
,42,"0,256098","0,402219","7,25E-05","1,27E-04","3,57E-08",211,7,TAK,"-1,93E-04","3,98E-04","1,56E-07",106,4,TAK,"2,90E-05","3,58E-05","4,00E-09",71,3,2,TAK
,43,"0,732729","-1,4508","1,40E-04","-6,55E-05","3,43E-08",316,10,TAK,"8,87E-05","-1,87E-04","3,42E-08",176,6,TAK,"1,75E+00","-8,74E-01","2,99E-01",141,5,4,NIE
,44,"0,459107","0,251453","4,88E-05","-1,04E-04","1,06E-08",106,4,TAK,"-1,69E-06","2,93E-06","9,33E-12",106,4,TAK,"7,46E-11","1,68E-10","5,18E-20",106,4,3,TAK
,45,"-0,0238619","-1,75684","1,69E-04","-2,07E-04","6,47E-08",386,12,TAK,"-2,69E-05","-2,56E-05","2,79E-09",141,5,TAK,"3,27E-05","-1,71E-05","1,87E-09",36,2,1,TAK
,46,"1,15492","-0,93271","1,75E+00","-8,74E-01","2,99E-01",806,24,NIE,"1,75E+00","-8,74E-01","2,99E-01",1366,40,NIE,nan,nan,nan,10002,287,286,NIE
,47,"0,385542","-0,454202","-2,45E-05","-3,74E-04","1,50E-07",316,10,TAK,"2,92E-05","-4,10E-06","1,60E-09",141,5,TAK,"2,41E-05","-2,19E-05","1,12E-09",71,3,2,TAK
,48,"1,51557","-1,90734","-8,99E-05","1,55E-04","2,62E-08",316,10,TAK,"1,75E+00","-8,74E-01","2,99E-01",211,7,NIE,"1,75E+00","-8,74E-01","2,99E-01",106,4,3,NIE
,49,"-0,613217","1,5715","-1,51E-04","7,56E-05","3,99E-08",316,10,TAK,"-3,88E-08","1,29E-04","1,66E-08",71,3,TAK,"-1,75E+00","8,74E-01","2,99E-01",106,4,3,NIE
,50,"1,04533","-0,566731","1,48E-04","-1,87E-05","4,11E-08",246,8,TAK,nan,nan,nan,10002,287,NIE,nan,nan,nan,10002,287,286,NIE
,51,"0,61902","1,48302","-1,53E-04","2,37E-04","6,67E-08",316,10,TAK,"-1,43E-04","1,68E-04","4,53E-08",176,6,TAK,"1,75E+00","-8,73E-01","2,99E-01",106,4,3,NIE
,52,"-1,49299","0,174322","-1,75E+00","8,73E-01","2,99E-01",631,19,NIE,"-1,75E+00","8,73E-01","2,99E-01",281,9,NIE,"-1,75E+00","8,74E-01","2,99E-01",106,4,3,NIE
,53,"-1,24539","1,47218","-1,75E+00","8,74E-01","2,99E-01",596,18,NIE,"-1,75E+00","8,74E-01","2,99E-01",211,7,NIE,nan,nan,nan,10002,287,286,NIE
,54,"-1,81267","1,83624","-6,98E-05","2,88E-04","7,24E-08",351,11,TAK,"-3,40E-06","-2,00E-04","4,08E-08",561,17,TAK,"-1,75E+00","8,74E-01","2,99E-01",71,3,2,NIE
,55,"1,80361","-1,15894","1,75E+00","-8,74E-01","2,99E-01",736,22,NIE,"1,75E+00","-8,74E-01","2,99E-01",176,6,NIE,"1,75E+00","-8,74E-01","2,99E-01",71,3,2,NIE
,56,"-0,300205","1,39562","-4,22E-05","2,17E-04","4,15E-08",351,11,TAK,"-8,15E-05","1,33E-04","2,02E-08",176,6,TAK,"-2,30E-11","1,18E-10","1,23E-20",106,4,3,TAK
,57,"-1,91103","-0,438234","-2,68E-04","5,41E-04","2,91E-07",176,6,TAK,"8,39E-05","2,23E-04","8,25E-08",246,8,TAK,"-1,75E+00","8,74E-01","2,99E-01",106,4,3,NIE
,58,"1,35934","0,536573","1,75E+00","-8,74E-01","2,99E-01",281,9,NIE,"1,75E+00","-8,74E-01","2,99E-01",211,7,NIE,"1,75E+00","-8,74E-01","2,99E-01",176,6,5,NIE
,59,"-1,76115","-1,7104","-1,66E-04","2,05E-04","6,31E-08",386,12,TAK,"1,19E-04","-2,94E-04","7,95E-08",351,11,TAK,"-1,75E+00","8,74E-01","2,99E-01",71,3,2,NIE
,60,"0,963129","-0,501141","2,01E-04","-9,96E-05","7,10E-08",281,9,TAK,"-1,75E+00","8,74E-01","2,99E-01",246,8,NIE,"1,75E+00","-8,74E-01","2,99E-01",316,10,9,NIE
,61,"-0,194554","-1,73383","-3,15E-05","-2,94E-04","9,79E-08",351,11,TAK,"8,97E-05","-2,82E-04","7,02E-08",176,6,TAK,"-4,22E-07","-3,39E-06","1,33E-11",71,3,2,TAK
,62,"-1,84529","0,0307982","-1,75E+00","8,74E-01","2,99E-01",736,22,NIE,"-1,75E+00","8,74E-01","2,99E-01",316,10,NIE,"-1,75E+00","8,74E-01","2,99E-01",106,4,3,NIE
,63,"-1,90447","-1,9003","5,54E-05","1,76E-04","4,71E-08",211,7,TAK,"5,88E-05","-5,59E-05","6,76E-09",106,4,TAK,"-1,75E+00","8,74E-01","2,99E-01",106,4,3,NIE
,64,"0,911138","-1,95764","1,75E+00","-8,73E-01","2,99E-01",491,15,NIE,"1,75E+00","-8,74E-01","2,99E-01",771,23,NIE,nan,nan,nan,10002,287,286,NIE
,65,"1,29423","-0,979031","1,75E+00","-8,74E-01","2,99E-01",456,14,NIE,"1,75E+00","-8,73E-01","2,99E-01",246,8,NIE,"1,75E+00","-8,74E-01","2,99E-01",141,5,4,NIE
,66,"0,326441","-1,10036","4,94E-05","-1,87E-04","3,06E-08",281,9,TAK,"-8,62E-06","-1,75E-05","6,08E-10",141,5,TAK,"-1,76E-10","-1,25E-10","9,97E-20",106,4,3,TAK
,67,"1,6005","0,738097","1,75E+00","-8,74E-01","2,99E-01",351,11,NIE,"1,75E+00","-8,74E-01","2,99E-01",246,8,NIE,"1,75E+00","-8,74E-01","2,99E-01",141,5,4,NIE
,68,"0,905974","0,481507","1,24E-04","-1,92E-04","4,40E-08",316,10,TAK,"-2,23E-04","1,47E-04","8,80E-08",316,10,TAK,nan,nan,nan,10002,287,286,NIE
,69,"-1,91056","-0,122506","1,27E-04","1,05E-04","5,66E-08",141,5,TAK,"7,36E-05","-4,47E-05","9,53E-09",281,9,TAK,"-1,75E+00","8,74E-01","2,99E-01",106,4,3,NIE
,70,"-1,26372","0,100404","-1,75E+00","8,74E-01","2,99E-01",211,7,NIE,"-1,75E+00","8,74E-01","2,99E-01",1086,32,NIE,nan,nan,nan,10002,287,286,NIE
,71,"1,3593","-0,129479","1,75E+00","-8,73E-01","2,99E-01",351,11,NIE,"1,75E+00","-8,73E-01","2,99E-01",141,5,NIE,"-1,75E+00","8,74E-01","2,99E-01",106,4,3,NIE
,72,"-1,49007","0,0253423","-1,75E+00","8,74E-01","2,99E-01",421,13,NIE,"-1,75E+00","8,74E-01","2,99E-01",281,9,NIE,"-1,75E+00","8,74E-01","2,99E-01",106,4,3,NIE
,73,"-1,0373","-0,00051363","2,72E-05","3,30E-04","1,20E-07",351,11,TAK,"-3,06E-04","4,35E-04","2,43E-07",1681,49,TAK,nan,nan,nan,10002,287,286,NIE
,74,"1,10158","-0,780898","1,75E+00","-8,73E-01","2,99E-01",806,24,NIE,nan,nan,nan,10002,287,NIE,"1,07E+00","-5,35E-01","8,77E-01",36,2,1,NIE
,75,"1,84707","0,89238","1,22E-04","-1,95E-04","4,41E-08",316,10,TAK,"-1,09E-04","1,50E-04","3,00E-08",316,10,TAK,"1,75E+00","-8,74E-01","2,99E-01",71,3,2,NIE
,76,"-0,15841","-0,333211","-1,20E-04","-2,62E-04","1,29E-07",211,7,TAK,"6,56E-05","-1,38E-04","1,86E-08",106,4,TAK,"-2,79E-07","-5,43E-07","6,02E-13",71,3,2,TAK
,77,"-1,818","0,362823","-1,75E+00","8,73E-01","2,99E-01",666,20,NIE,"-1,75E+00","8,74E-01","2,99E-01",211,7,NIE,"-1,75E+00","8,74E-01","2,99E-01",71,3,2,NIE
,78,"1,13695","1,17727","1,96E-04","-2,16E-04","8,12E-08",386,12,TAK,"1,01E-04","-7,03E-05","1,82E-08",456,14,TAK,"1,07E+00","-5,35E-01","8,77E-01",36,2,1,NIE
,79,"1,46256","-0,745805","1,75E+00","-8,74E-01","2,99E-01",176,6,NIE,"1,75E+00","-8,74E-01","2,99E-01",176,6,NIE,"-3,83E-12","-1,10E-09","1,20E-18",71,3,2,TAK
,80,"0,943118","1,87288","-1,97E-04","2,60E-04","9,42E-08",316,10,TAK,"-9,96E-05","3,58E-05","1,76E-08",176,6,TAK,nan,nan,nan,10002,287,286,NIE
,81,"-0,0218208","-0,502975","2,97E-04","-3,80E-04","2,07E-07",316,10,TAK,"-5,23E-05","9,72E-05","9,84E-09",106,4,TAK,"2,49E-05","-1,43E-05","1,09E-09",36,2,1,TAK
,82,"0,892267","0,845143","1,04E-04","-1,53E-04","2,90E-08",316,10,TAK,"8,92E-05","-1,48E-04","2,46E-08",211,7,TAK,nan,nan,nan,10002,287,286,NIE
,83,"1,44452","1,24536","1,75E+00","-8,74E-01","2,99E-01",421,13,NIE,"1,75E+00","-8,74E-01","2,99E-01",1086,32,NIE,"7,01E-10","-8,99E-10","1,16E-18",106,4,3,TAK
,84,"-0,391758","1,77316","-5,90E-05","3,18E-04","8,94E-08",351,11,TAK,"4,13E-05","1,22E-04","2,34E-08",211,7,TAK,"2,45E-07","2,68E-08","1,27E-13",106,4,3,TAK
,85,"-1,93697","0,346628","-6,89E-05","1,85E-04","3,10E-08",176,6,TAK,"4,09E-05","-4,57E-05","3,57E-09",281,9,TAK,"-1,75E+00","8,74E-01","2,99E-01",106,4,3,NIE
,86,"0,733079","-0,169884","1,97E-05","-5,31E-05","2,55E-09",176,6,TAK,"-2,32E-04","2,65E-04","1,16E-07",316,10,TAK,"1,75E+00","-8,74E-01","2,99E-01",106,4,3,NIE
,87,"-1,83727","1,68071","-1,75E+00","8,74E-01","2,99E-01",351,11,NIE,"-1,75E+00","8,74E-01","2,99E-01",281,9,NIE,"-1,75E+00","8,74E-01","2,99E-01",71,3,2,NIE
,88,"0,496257","-0,561305","-3,19E-05","-3,21E-04","1,15E-07",316,10,TAK,"2,03E-04","-5,79E-05","7,39E-08",141,5,TAK,"-1,75E+00","8,74E-01","2,99E-01",71,3,2,NIE
,89,"-1,05267","-1,9971","-1,48E-04","1,80E-04","4,93E-08",246,8,TAK,"6,44E-05","-3,19E-05","7,26E-09",106,4,TAK,"-1,07E+00","5,35E-01","8,77E-01",36,2,1,NIE
,90,"-0,634682","-0,499826","1,33E-04","2,38E-04","1,24E-07",71,3,TAK,"1,34E-04","2,39E-04","1,25E-07",71,3,TAK,"-1,75E+00","8,74E-01","2,99E-01",106,4,3,NIE
,91,"-1,13557","-1,86163","-1,14E-05","3,42E-04","1,14E-07",351,11,TAK,"-3,07E-04","3,30E-04","1,96E-07",211,7,TAK,"-1,07E+00","5,35E-01","8,77E-01",36,2,1,NIE
,92,"-0,953678","1,76071","-1,75E+00","8,74E-01","2,99E-01",561,17,NIE,"-1,75E+00","8,74E-01","2,99E-01",806,24,NIE,nan,nan,nan,10002,287,286,NIE
,93,"-1,04845","0,106952","2,10E-05","3,10E-04","1,03E-07",351,11,TAK,nan,nan,nan,10002,287,NIE,"-1,07E+00","5,35E-01","8,77E-01",36,2,1,NIE
,94,"0,761216","1,28625","6,93E-05","3,44E-04","1,52E-07",281,9,TAK,"-1,10E-04","6,66E-05","2,12E-08",176,6,TAK,"1,75E+00","-8,74E-01","2,99E-01",141,5,4,NIE
,95,"-1,72092","0,925903","-1,75E+00","8,74E-01","2,99E-01",246,8,NIE,"-1,75E+00","8,74E-01","2,99E-01",106,4,NIE,"-1,75E+00","8,74E-01","2,99E-01",71,3,2,NIE
,96,"0,73064","1,43921","-1,44E-04","2,18E-04","5,75E-08",316,10,TAK,"-1,99E-04","1,55E-04","7,26E-08",176,6,TAK,"-2,50E-06","1,79E-06","1,13E-11",106,4,3,TAK
,97,"-1,28266","-1,23559","-1,87E-04","1,69E-04","6,69E-08",386,12,TAK,"-1,62E-04","1,26E-04","4,79E-08",911,27,TAK,nan,nan,nan,10002,287,286,NIE
,98,"0,191028","1,14212","-2,77E-04","4,06E-04","2,06E-07",316,10,TAK,"5,71E-05","3,36E-05","9,56E-09",141,5,TAK,"6,65E-07","3,61E-06","1,63E-11",71,3,2,TAK
,99,"1,79992","0,352891","1,75E+00","-8,74E-01","2,99E-01",246,8,NIE,"1,75E+00","-8,74E-01","2,99E-01",1401,41,NIE,"1,75E+00","-8,74E-01","2,99E-01",71,3,2,NIE
,100,"1,74985","1,79118","1,79E-04","-2,16E-04","7,22E-08",386,12,TAK,"-1,40E-04","3,21E-04","9,73E-08",351,11,TAK,"1,75E+00","-8,74E-01","2,99E-01",36,2,1,NIE